Spain, Cohort fertility rates by birth cohort and age (horizontal parallelograms, age in completed years (ACY))
Last modified: 18/03/2025
Cohort  Age        ASFR
1867     12-          .
1867     13           .
1867     14           .
1867     15           .
1867     16           .
1867     17           .
1867     18           .
1867     19           .
1867     20           .
1867     21           .
1867     22           .
1867     23           .
1867     24           .
1867     25           .
1867     26           .
1867     27           .
1867     28           .
1867     29           .
1867     30           .
1867     31           .
1867     32           .
1867     33           .
1867     34           .
1867     35           .
1867     36           .
1867     37           .
1867     38           .
1867     39           .
1867     40           .
1867     41           .
1867     42           .
1867     43           .
1867     44           .
1867     45           .
1867     46           .
1867     47           .
1867     48           .
1867     49           .
1867     50           .
1867     51           .
1867     52           .
1867     53           .
1867     54           .
1867     55+    0.00000
1868     12-          .
1868     13           .
1868     14           .
1868     15           .
1868     16           .
1868     17           .
1868     18           .
1868     19           .
1868     20           .
1868     21           .
1868     22           .
1868     23           .
1868     24           .
1868     25           .
1868     26           .
1868     27           .
1868     28           .
1868     29           .
1868     30           .
1868     31           .
1868     32           .
1868     33           .
1868     34           .
1868     35           .
1868     36           .
1868     37           .
1868     38           .
1868     39           .
1868     40           .
1868     41           .
1868     42           .
1868     43           .
1868     44           .
1868     45           .
1868     46           .
1868     47           .
1868     48           .
1868     49           .
1868     50           .
1868     51           .
1868     52           .
1868     53           .
1868     54     0.00002
1868     55+    0.00000
1869     12-          .
1869     13           .
1869     14           .
1869     15           .
1869     16           .
1869     17           .
1869     18           .
1869     19           .
1869     20           .
1869     21           .
1869     22           .
1869     23           .
1869     24           .
1869     25           .
1869     26           .
1869     27           .
1869     28           .
1869     29           .
1869     30           .
1869     31           .
1869     32           .
1869     33           .
1869     34           .
1869     35           .
1869     36           .
1869     37           .
1869     38           .
1869     39           .
1869     40           .
1869     41           .
1869     42           .
1869     43           .
1869     44           .
1869     45           .
1869     46           .
1869     47           .
1869     48           .
1869     49           .
1869     50           .
1869     51           .
1869     52           .
1869     53     0.00011
1869     54     0.00002
1869     55+    0.00000
1870     12-          .
1870     13           .
1870     14           .
1870     15           .
1870     16           .
1870     17           .
1870     18           .
1870     19           .
1870     20           .
1870     21           .
1870     22           .
1870     23           .
1870     24           .
1870     25           .
1870     26           .
1870     27           .
1870     28           .
1870     29           .
1870     30           .
1870     31           .
1870     32           .
1870     33           .
1870     34           .
1870     35           .
1870     36           .
1870     37           .
1870     38           .
1870     39           .
1870     40           .
1870     41           .
1870     42           .
1870     43           .
1870     44           .
1870     45           .
1870     46           .
1870     47           .
1870     48           .
1870     49           .
1870     50           .
1870     51           .
1870     52     0.00059
1870     53     0.00011
1870     54     0.00002
1870     55+    0.00000
1871     12-          .
1871     13           .
1871     14           .
1871     15           .
1871     16           .
1871     17           .
1871     18           .
1871     19           .
1871     20           .
1871     21           .
1871     22           .
1871     23           .
1871     24           .
1871     25           .
1871     26           .
1871     27           .
1871     28           .
1871     29           .
1871     30           .
1871     31           .
1871     32           .
1871     33           .
1871     34           .
1871     35           .
1871     36           .
1871     37           .
1871     38           .
1871     39           .
1871     40           .
1871     41           .
1871     42           .
1871     43           .
1871     44           .
1871     45           .
1871     46           .
1871     47           .
1871     48           .
1871     49           .
1871     50           .
1871     51     0.00279
1871     52     0.00066
1871     53     0.00013
1871     54     0.00002
1871     55+    0.00000
1872     12-          .
1872     13           .
1872     14           .
1872     15           .
1872     16           .
1872     17           .
1872     18           .
1872     19           .
1872     20           .
1872     21           .
1872     22           .
1872     23           .
1872     24           .
1872     25           .
1872     26           .
1872     27           .
1872     28           .
1872     29           .
1872     30           .
1872     31           .
1872     32           .
1872     33           .
1872     34           .
1872     35           .
1872     36           .
1872     37           .
1872     38           .
1872     39           .
1872     40           .
1872     41           .
1872     42           .
1872     43           .
1872     44           .
1872     45           .
1872     46           .
1872     47           .
1872     48           .
1872     49           .
1872     50     0.00576
1872     51     0.00284
1872     52     0.00067
1872     53     0.00011
1872     54     0.00002
1872     55+    0.00000
1873     12-          .
1873     13           .
1873     14           .
1873     15           .
1873     16           .
1873     17           .
1873     18           .
1873     19           .
1873     20           .
1873     21           .
1873     22           .
1873     23           .
1873     24           .
1873     25           .
1873     26           .
1873     27           .
1873     28           .
1873     29           .
1873     30           .
1873     31           .
1873     32           .
1873     33           .
1873     34           .
1873     35           .
1873     36           .
1873     37           .
1873     38           .
1873     39           .
1873     40           .
1873     41           .
1873     42           .
1873     43           .
1873     44           .
1873     45           .
1873     46           .
1873     47           .
1873     48           .
1873     49     0.00622
1873     50     0.00641
1873     51     0.00312
1873     52     0.00063
1873     53     0.00011
1873     54     0.00002
1873     55+    0.00000
1874     12-          .
1874     13           .
1874     14           .
1874     15           .
1874     16           .
1874     17           .
1874     18           .
1874     19           .
1874     20           .
1874     21           .
1874     22           .
1874     23           .
1874     24           .
1874     25           .
1874     26           .
1874     27           .
1874     28           .
1874     29           .
1874     30           .
1874     31           .
1874     32           .
1874     33           .
1874     34           .
1874     35           .
1874     36           .
1874     37           .
1874     38           .
1874     39           .
1874     40           .
1874     41           .
1874     42           .
1874     43           .
1874     44           .
1874     45           .
1874     46           .
1874     47           .
1874     48     0.00776
1874     49     0.00662
1874     50     0.00655
1874     51     0.00285
1874     52     0.00062
1874     53     0.00010
1874     54     0.00002
1874     55+    0.00000
1875     12-          .
1875     13           .
1875     14           .
1875     15           .
1875     16           .
1875     17           .
1875     18           .
1875     19           .
1875     20           .
1875     21           .
1875     22           .
1875     23           .
1875     24           .
1875     25           .
1875     26           .
1875     27           .
1875     28           .
1875     29           .
1875     30           .
1875     31           .
1875     32           .
1875     33           .
1875     34           .
1875     35           .
1875     36           .
1875     37           .
1875     38           .
1875     39           .
1875     40           .
1875     41           .
1875     42           .
1875     43           .
1875     44           .
1875     45           .
1875     46           .
1875     47     0.00959
1875     48     0.00828
1875     49     0.00643
1875     50     0.00617
1875     51     0.00286
1875     52     0.00055
1875     53     0.00011
1875     54     0.00002
1875     55+    0.00000
1876     12-          .
1876     13           .
1876     14           .
1876     15           .
1876     16           .
1876     17           .
1876     18           .
1876     19           .
1876     20           .
1876     21           .
1876     22           .
1876     23           .
1876     24           .
1876     25           .
1876     26           .
1876     27           .
1876     28           .
1876     29           .
1876     30           .
1876     31           .
1876     32           .
1876     33           .
1876     34           .
1876     35           .
1876     36           .
1876     37           .
1876     38           .
1876     39           .
1876     40           .
1876     41           .
1876     42           .
1876     43           .
1876     44           .
1876     45           .
1876     46     0.01276
1876     47     0.01021
1876     48     0.00783
1876     49     0.00596
1876     50     0.00582
1876     51     0.00243
1876     52     0.00061
1876     53     0.00011
1876     54     0.00001
1876     55+    0.00000
1877     12-          .
1877     13           .
1877     14           .
1877     15           .
1877     16           .
1877     17           .
1877     18           .
1877     19           .
1877     20           .
1877     21           .
1877     22           .
1877     23           .
1877     24           .
1877     25           .
1877     26           .
1877     27           .
1877     28           .
1877     29           .
1877     30           .
1877     31           .
1877     32           .
1877     33           .
1877     34           .
1877     35           .
1877     36           .
1877     37           .
1877     38           .
1877     39           .
1877     40           .
1877     41           .
1877     42           .
1877     43           .
1877     44           .
1877     45     0.01928
1877     46     0.01339
1877     47     0.00933
1877     48     0.00677
1877     49     0.00559
1877     50     0.00516
1877     51     0.00266
1877     52     0.00061
1877     53     0.00009
1877     54     0.00001
1877     55+    0.00000
1878     12-          .
1878     13           .
1878     14           .
1878     15           .
1878     16           .
1878     17           .
1878     18           .
1878     19           .
1878     20           .
1878     21           .
1878     22           .
1878     23           .
1878     24           .
1878     25           .
1878     26           .
1878     27           .
1878     28           .
1878     29           .
1878     30           .
1878     31           .
1878     32           .
1878     33           .
1878     34           .
1878     35           .
1878     36           .
1878     37           .
1878     38           .
1878     39           .
1878     40           .
1878     41           .
1878     42           .
1878     43           .
1878     44     0.03045
1878     45     0.02011
1878     46     0.01215
1878     47     0.00773
1878     48     0.00645
1878     49     0.00531
1878     50     0.00562
1878     51     0.00271
1878     52     0.00052
1878     53     0.00008
1878     54     0.00001
1878     55+    0.00000
1879     12-          .
1879     13           .
1879     14           .
1879     15           .
1879     16           .
1879     17           .
1879     18           .
1879     19           .
1879     20           .
1879     21           .
1879     22           .
1879     23           .
1879     24           .
1879     25           .
1879     26           .
1879     27           .
1879     28           .
1879     29           .
1879     30           .
1879     31           .
1879     32           .
1879     33           .
1879     34           .
1879     35           .
1879     36           .
1879     37           .
1879     38           .
1879     39           .
1879     40           .
1879     41           .
1879     42           .
1879     43     0.04482
1879     44     0.03154
1879     45     0.01824
1879     46     0.00992
1879     47     0.00741
1879     48     0.00633
1879     49     0.00551
1879     50     0.00562
1879     51     0.00228
1879     52     0.00039
1879     53     0.00009
1879     54     0.00002
1879     55+    0.00000
1880     12-          .
1880     13           .
1880     14           .
1880     15           .
1880     16           .
1880     17           .
1880     18           .
1880     19           .
1880     20           .
1880     21           .
1880     22           .
1880     23           .
1880     24           .
1880     25           .
1880     26           .
1880     27           .
1880     28           .
1880     29           .
1880     30           .
1880     31           .
1880     32           .
1880     33           .
1880     34           .
1880     35           .
1880     36           .
1880     37           .
1880     38           .
1880     39           .
1880     40           .
1880     41           .
1880     42     0.06377
1880     43     0.04619
1880     44     0.02992
1880     45     0.01541
1880     46     0.00973
1880     47     0.00758
1880     48     0.00645
1880     49     0.00561
1880     50     0.00457
1880     51     0.00164
1880     52     0.00049
1880     53     0.00011
1880     54     0.00002
1880     55+    0.00000
1881     12-          .
1881     13           .
1881     14           .
1881     15           .
1881     16           .
1881     17           .
1881     18           .
1881     19           .
1881     20           .
1881     21           .
1881     22           .
1881     23           .
1881     24           .
1881     25           .
1881     26           .
1881     27           .
1881     28           .
1881     29           .
1881     30           .
1881     31           .
1881     32           .
1881     33           .
1881     34           .
1881     35           .
1881     36           .
1881     37           .
1881     38           .
1881     39           .
1881     40           .
1881     41     0.08531
1881     42     0.06515
1881     43     0.04479
1881     44     0.02724
1881     45     0.01544
1881     46     0.01013
1881     47     0.00762
1881     48     0.00644
1881     49     0.00508
1881     50     0.00364
1881     51     0.00223
1881     52     0.00072
1881     53     0.00013
1881     54     0.00002
1881     55+    0.00000
1882     12-          .
1882     13           .
1882     14           .
1882     15           .
1882     16           .
1882     17           .
1882     18           .
1882     19           .
1882     20           .
1882     21           .
1882     22           .
1882     23           .
1882     24           .
1882     25           .
1882     26           .
1882     27           .
1882     28           .
1882     29           .
1882     30           .
1882     31           .
1882     32           .
1882     33           .
1882     34           .
1882     35           .
1882     36           .
1882     37           .
1882     38           .
1882     39           .
1882     40     0.10363
1882     41     0.08521
1882     42     0.06312
1882     43     0.04211
1882     44     0.02627
1882     45     0.01571
1882     46     0.00998
1882     47     0.00737
1882     48     0.00609
1882     49     0.00454
1882     50     0.00495
1882     51     0.00328
1882     52     0.00075
1882     53     0.00010
1882     54     0.00001
1882     55+    0.00000
1883     12-          .
1883     13           .
1883     14           .
1883     15           .
1883     16           .
1883     17           .
1883     18           .
1883     19           .
1883     20           .
1883     21           .
1883     22           .
1883     23           .
1883     24           .
1883     25           .
1883     26           .
1883     27           .
1883     28           .
1883     29           .
1883     30           .
1883     31           .
1883     32           .
1883     33           .
1883     34           .
1883     35           .
1883     36           .
1883     37           .
1883     38           .
1883     39     0.12060
1883     40     0.10433
1883     41     0.08441
1883     42     0.06244
1883     43     0.04191
1883     44     0.02652
1883     45     0.01570
1883     46     0.00961
1883     47     0.00726
1883     48     0.00589
1883     49     0.00529
1883     50     0.00708
1883     51     0.00374
1883     52     0.00068
1883     53     0.00009
1883     54     0.00001
1883     55+    0.00000
1884     12-          .
1884     13           .
1884     14           .
1884     15           .
1884     16           .
1884     17           .
1884     18           .
1884     19           .
1884     20           .
1884     21           .
1884     22           .
1884     23           .
1884     24           .
1884     25           .
1884     26           .
1884     27           .
1884     28           .
1884     29           .
1884     30           .
1884     31           .
1884     32           .
1884     33           .
1884     34           .
1884     35           .
1884     36           .
1884     37           .
1884     38     0.13836
1884     39     0.11899
1884     40     0.10321
1884     41     0.08469
1884     42     0.06232
1884     43     0.04200
1884     44     0.02620
1884     45     0.01498
1884     46     0.00958
1884     47     0.00750
1884     48     0.00644
1884     49     0.00617
1884     50     0.00761
1884     51     0.00312
1884     52     0.00048
1884     53     0.00007
1884     54     0.00001
1884     55+    0.00000
1885     12-          .
1885     13           .
1885     14           .
1885     15           .
1885     16           .
1885     17           .
1885     18           .
1885     19           .
1885     20           .
1885     21           .
1885     22           .
1885     23           .
1885     24           .
1885     25           .
1885     26           .
1885     27           .
1885     28           .
1885     29           .
1885     30           .
1885     31           .
1885     32           .
1885     33           .
1885     34           .
1885     35           .
1885     36           .
1885     37     0.15597
1885     38     0.13800
1885     39     0.11671
1885     40     0.10231
1885     41     0.08521
1885     42     0.06314
1885     43     0.04226
1885     44     0.02537
1885     45     0.01497
1885     46     0.01020
1885     47     0.00786
1885     48     0.00687
1885     49     0.00610
1885     50     0.00632
1885     51     0.00222
1885     52     0.00041
1885     53     0.00007
1885     54     0.00001
1885     55+    0.00000
1886     12-          .
1886     13           .
1886     14           .
1886     15           .
1886     16           .
1886     17           .
1886     18           .
1886     19           .
1886     20           .
1886     21           .
1886     22           .
1886     23           .
1886     24           .
1886     25           .
1886     26           .
1886     27           .
1886     28           .
1886     29           .
1886     30           .
1886     31           .
1886     32           .
1886     33           .
1886     34           .
1886     35           .
1886     36     0.17290
1886     37     0.15630
1886     38     0.13532
1886     39     0.11380
1886     40     0.10160
1886     41     0.08612
1886     42     0.06367
1886     43     0.04093
1886     44     0.02456
1886     45     0.01564
1886     46     0.01038
1886     47     0.00770
1886     48     0.00651
1886     49     0.00547
1886     50     0.00463
1886     51     0.00185
1886     52     0.00041
1886     53     0.00007
1886     54     0.00001
1886     55+    0.00000
1887     12-          .
1887     13           .
1887     14           .
1887     15           .
1887     16           .
1887     17           .
1887     18           .
1887     19           .
1887     20           .
1887     21           .
1887     22           .
1887     23           .
1887     24           .
1887     25           .
1887     26           .
1887     27           .
1887     28           .
1887     29           .
1887     30           .
1887     31           .
1887     32           .
1887     33           .
1887     34           .
1887     35     0.18939
1887     36     0.17318
1887     37     0.15261
1887     38     0.12878
1887     39     0.11194
1887     40     0.10204
1887     41     0.08642
1887     42     0.06122
1887     43     0.03822
1887     44     0.02426
1887     45     0.01563
1887     46     0.00970
1887     47     0.00699
1887     48     0.00607
1887     49     0.00461
1887     50     0.00393
1887     51     0.00184
1887     52     0.00038
1887     53     0.00006
1887     54     0.00001
1887     55+    0.00000
1888     12-          .
1888     13           .
1888     14           .
1888     15           .
1888     16           .
1888     17           .
1888     18           .
1888     19           .
1888     20           .
1888     21           .
1888     22           .
1888     23           .
1888     24           .
1888     25           .
1888     26           .
1888     27           .
1888     28           .
1888     29           .
1888     30           .
1888     31           .
1888     32           .
1888     33           .
1888     34     0.19604
1888     35     0.18882
1888     36     0.16873
1888     37     0.14338
1888     38     0.12450
1888     39     0.11132
1888     40     0.10229
1888     41     0.08357
1888     42     0.05636
1888     43     0.03654
1888     44     0.02440
1888     45     0.01474
1888     46     0.00869
1888     47     0.00676
1888     48     0.00552
1888     49     0.00403
1888     50     0.00398
1888     51     0.00169
1888     52     0.00033
1888     53     0.00006
1888     54     0.00001
1888     55+    0.00000
1889     12-          .
1889     13           .
1889     14           .
1889     15           .
1889     16           .
1889     17           .
1889     18           .
1889     19           .
1889     20           .
1889     21           .
1889     22           .
1889     23           .
1889     24           .
1889     25           .
1889     26           .
1889     27           .
1889     28           .
1889     29           .
1889     30           .
1889     31           .
1889     32           .
1889     33     0.19378
1889     34     0.19260
1889     35     0.18283
1889     36     0.15803
1889     37     0.13675
1889     38     0.12234
1889     39     0.10956
1889     40     0.09830
1889     41     0.07580
1889     42     0.05202
1889     43     0.03606
1889     44     0.02342
1889     45     0.01318
1889     46     0.00847
1889     47     0.00650
1889     48     0.00488
1889     49     0.00395
1889     50     0.00352
1889     51     0.00139
1889     52     0.00032
1889     53     0.00006
1889     54     0.00001
1889     55+    0.00000
1890     12-          .
1890     13           .
1890     14           .
1890     15           .
1890     16           .
1890     17           .
1890     18           .
1890     19           .
1890     20           .
1890     21           .
1890     22           .
1890     23           .
1890     24           .
1890     25           .
1890     26           .
1890     27           .
1890     28           .
1890     29           .
1890     30           .
1890     31           .
1890     32     0.19842
1890     33     0.18856
1890     34     0.18653
1890     35     0.17489
1890     36     0.15103
1890     37     0.13380
1890     38     0.11988
1890     39     0.10676
1890     40     0.09064
1890     41     0.06953
1890     42     0.05131
1890     43     0.03489
1890     44     0.02166
1890     45     0.01288
1890     46     0.00842
1890     47     0.00584
1890     48     0.00467
1890     49     0.00377
1890     50     0.00298
1890     51     0.00137
1890     52     0.00034
1890     53     0.00007
1890     54     0.00001
1890     55+    0.00000
1891     12-          .
1891     13           .
1891     14           .
1891     15           .
1891     16           .
1891     17           .
1891     18           .
1891     19           .
1891     20           .
1891     21           .
1891     22           .
1891     23           .
1891     24           .
1891     25           .
1891     26           .
1891     27           .
1891     28           .
1891     29           .
1891     30           .
1891     31     0.21224
1891     32     0.19272
1891     33     0.18256
1891     34     0.18410
1891     35     0.16938
1891     36     0.14776
1891     37     0.13098
1891     38     0.11761
1891     39     0.10393
1891     40     0.08513
1891     41     0.06890
1891     42     0.05009
1891     43     0.03281
1891     44     0.02154
1891     45     0.01288
1891     46     0.00772
1891     47     0.00553
1891     48     0.00463
1891     49     0.00360
1891     50     0.00301
1891     51     0.00155
1891     52     0.00039
1891     53     0.00007
1891     54     0.00001
1891     55+    0.00000
1892     12-          .
1892     13           .
1892     14           .
1892     15           .
1892     16           .
1892     17           .
1892     18           .
1892     19           .
1892     20           .
1892     21           .
1892     22           .
1892     23           .
1892     24           .
1892     25           .
1892     26           .
1892     27           .
1892     28           .
1892     29           .
1892     30     0.23451
1892     31     0.20657
1892     32     0.18648
1892     33     0.18375
1892     34     0.18132
1892     35     0.16590
1892     36     0.14455
1892     37     0.12869
1892     38     0.11666
1892     39     0.10130
1892     40     0.08421
1892     41     0.06650
1892     42     0.04664
1892     43     0.03185
1892     44     0.02080
1892     45     0.01173
1892     46     0.00719
1892     47     0.00562
1892     48     0.00448
1892     49     0.00346
1892     50     0.00325
1892     51     0.00159
1892     52     0.00037
1892     53     0.00007
1892     54     0.00001
1892     55+    0.00000
1893     12-          .
1893     13           .
1893     14           .
1893     15           .
1893     16           .
1893     17           .
1893     18           .
1893     19           .
1893     20           .
1893     21           .
1893     22           .
1893     23           .
1893     24           .
1893     25           .
1893     26           .
1893     27           .
1893     28           .
1893     29     0.24610
1893     30     0.23083
1893     31     0.20062
1893     32     0.18953
1893     33     0.18272
1893     34     0.17827
1893     35     0.16393
1893     36     0.14290
1893     37     0.12952
1893     38     0.11622
1893     39     0.10039
1893     40     0.08161
1893     41     0.06274
1893     42     0.04545
1893     43     0.03096
1893     44     0.01934
1893     45     0.01115
1893     46     0.00749
1893     47     0.00554
1893     48     0.00424
1893     49     0.00360
1893     50     0.00337
1893     51     0.00158
1893     52     0.00038
1893     53     0.00007
1893     54     0.00001
1893     55+    0.00000
1894     12-          .
1894     13           .
1894     14           .
1894     15           .
1894     16           .
1894     17           .
1894     18           .
1894     19           .
1894     20           .
1894     21           .
1894     22           .
1894     23           .
1894     24           .
1894     25           .
1894     26           .
1894     27           .
1894     28     0.24279
1894     29     0.24517
1894     30     0.22462
1894     31     0.20341
1894     32     0.18933
1894     33     0.18039
1894     34     0.17746
1894     35     0.16229
1894     36     0.14381
1894     37     0.13059
1894     38     0.11659
1894     39     0.09576
1894     40     0.07691
1894     41     0.06045
1894     42     0.04372
1894     43     0.02926
1894     44     0.01843
1894     45     0.01155
1894     46     0.00737
1894     47     0.00514
1894     48     0.00443
1894     49     0.00359
1894     50     0.00330
1894     51     0.00165
1894     52     0.00037
1894     53     0.00006
1894     54     0.00001
1894     55+    0.00000
1895     12-          .
1895     13           .
1895     14           .
1895     15           .
1895     16           .
1895     17           .
1895     18           .
1895     19           .
1895     20           .
1895     21           .
1895     22           .
1895     23           .
1895     24           .
1895     25           .
1895     26           .
1895     27     0.24048
1895     28     0.24480
1895     29     0.23979
1895     30     0.22554
1895     31     0.20290
1895     32     0.18751
1895     33     0.18167
1895     34     0.17577
1895     35     0.16143
1895     36     0.14508
1895     37     0.13246
1895     38     0.11277
1895     39     0.09002
1895     40     0.07398
1895     41     0.05813
1895     42     0.04234
1895     43     0.02857
1895     44     0.01901
1895     45     0.01138
1895     46     0.00678
1895     47     0.00540
1895     48     0.00442
1895     49     0.00352
1895     50     0.00359
1895     51     0.00164
1895     52     0.00034
1895     53     0.00006
1895     54     0.00001
1895     55+    0.00000
1896     12-          .
1896     13           .
1896     14           .
1896     15           .
1896     16           .
1896     17           .
1896     18           .
1896     19           .
1896     20           .
1896     21           .
1896     22           .
1896     23           .
1896     24           .
1896     25           .
1896     26     0.23527
1896     27     0.24274
1896     28     0.23967
1896     29     0.23768
1896     30     0.22311
1896     31     0.20100
1896     32     0.18981
1896     33     0.18075
1896     34     0.17130
1896     35     0.15986
1896     36     0.14707
1896     37     0.12894
1896     38     0.10715
1896     39     0.08607
1896     40     0.07044
1896     41     0.05669
1896     42     0.04180
1896     43     0.02948
1896     44     0.01820
1896     45     0.01036
1896     46     0.00713
1896     47     0.00539
1896     48     0.00436
1896     49     0.00378
1896     50     0.00340
1896     51     0.00140
1896     52     0.00032
1896     53     0.00006
1896     54     0.00001
1896     55+    0.00000
1897     12-          .
1897     13           .
1897     14           .
1897     15           .
1897     16           .
1897     17           .
1897     18           .
1897     19           .
1897     20           .
1897     21           .
1897     22           .
1897     23           .
1897     24           .
1897     25     0.22290
1897     26     0.23558
1897     27     0.23764
1897     28     0.23479
1897     29     0.23278
1897     30     0.22054
1897     31     0.20291
1897     32     0.18876
1897     33     0.17364
1897     34     0.16558
1897     35     0.16014
1897     36     0.14304
1897     37     0.12324
1897     38     0.10122
1897     39     0.08024
1897     40     0.06810
1897     41     0.05607
1897     42     0.04299
1897     43     0.02780
1897     44     0.01601
1897     45     0.01078
1897     46     0.00714
1897     47     0.00533
1897     48     0.00460
1897     49     0.00348
1897     50     0.00291
1897     51     0.00128
1897     52     0.00030
1897     53     0.00006
1897     54     0.00001
1897     55+    0.00000
1898     12-          .
1898     13           .
1898     14           .
1898     15           .
1898     16           .
1898     17           .
1898     18           .
1898     19           .
1898     20           .
1898     21           .
1898     22           .
1898     23           .
1898     24     0.20346
1898     25     0.22005
1898     26     0.23053
1898     27     0.23275
1898     28     0.22866
1898     29     0.22893
1898     30     0.22084
1898     31     0.20088
1898     32     0.17987
1898     33     0.16472
1898     34     0.16359
1898     35     0.15435
1898     36     0.13708
1898     37     0.11565
1898     38     0.09195
1898     39     0.07611
1898     40     0.06719
1898     41     0.05799
1898     42     0.04042
1898     43     0.02401
1898     44     0.01675
1898     45     0.01097
1898     46     0.00709
1898     47     0.00553
1898     48     0.00419
1898     49     0.00305
1898     50     0.00259
1898     51     0.00130
1898     52     0.00035
1898     53     0.00006
1898     54     0.00001
1898     55+    0.00000
1899     12-          .
1899     13           .
1899     14           .
1899     15           .
1899     16           .
1899     17           .
1899     18           .
1899     19           .
1899     20           .
1899     21           .
1899     22           .
1899     23     0.16888
1899     24     0.19597
1899     25     0.21539
1899     26     0.22811
1899     27     0.22647
1899     28     0.22428
1899     29     0.22556
1899     30     0.21629
1899     31     0.19093
1899     32     0.16911
1899     33     0.16123
1899     34     0.15518
1899     35     0.14677
1899     36     0.12812
1899     37     0.10314
1899     38     0.08558
1899     39     0.07364
1899     40     0.06915
1899     41     0.05416
1899     42     0.03413
1899     43     0.02476
1899     44     0.01741
1899     45     0.01077
1899     46     0.00720
1899     47     0.00499
1899     48     0.00368
1899     49     0.00282
1899     50     0.00276
1899     51     0.00148
1899     52     0.00029
1899     53     0.00006
1899     54     0.00001
1899     55+    0.00000
1900     12-          .
1900     13           .
1900     14           .
1900     15           .
1900     16           .
1900     17           .
1900     18           .
1900     19           .
1900     20           .
1900     21           .
1900     22     0.12893
1900     23     0.15996
1900     24     0.19019
1900     25     0.21645
1900     26     0.22257
1900     27     0.22188
1900     28     0.21904
1900     29     0.21879
1900     30     0.20812
1900     31     0.18110
1900     32     0.16500
1900     33     0.15171
1900     34     0.14682
1900     35     0.13908
1900     36     0.11495
1900     37     0.09535
1900     38     0.08217
1900     39     0.07703
1900     40     0.06602
1900     41     0.04589
1900     42     0.03548
1900     43     0.02657
1900     44     0.01770
1900     45     0.01094
1900     46     0.00657
1900     47     0.00446
1900     48     0.00365
1900     49     0.00287
1900     50     0.00287
1900     51     0.00126
1900     52     0.00034
1900     53     0.00006
1900     54     0.00001
1900     55+    0.00000
1901     12-          .
1901     13           .
1901     14           .
1901     15           .
1901     16           .
1901     17           .
1901     18           .
1901     19           .
1901     20           .
1901     21     0.08973
1901     22     0.12211
1901     23     0.15580
1901     24     0.19568
1901     25     0.21201
1901     26     0.21818
1901     27     0.21681
1901     28     0.21029
1901     29     0.21360
1901     30     0.20084
1901     31     0.17714
1901     32     0.15466
1901     33     0.14248
1901     34     0.14233
1901     35     0.12695
1901     36     0.10599
1901     37     0.09084
1901     38     0.08585
1901     39     0.07726
1901     40     0.05668
1901     41     0.04805
1901     42     0.03893
1901     43     0.02715
1901     44     0.01834
1901     45     0.01016
1901     46     0.00596
1901     47     0.00464
1901     48     0.00345
1901     49     0.00280
1901     50     0.00261
1901     51     0.00147
1901     52     0.00030
1901     53     0.00006
1901     54     0.00001
1901     55+    0.00000
1902     12-          .
1902     13           .
1902     14           .
1902     15           .
1902     16           .
1902     17           .
1902     18           .
1902     19           .
1902     20     0.05656
1902     21     0.08619
1902     22     0.11922
1902     23     0.16288
1902     24     0.19194
1902     25     0.20883
1902     26     0.21527
1902     27     0.20780
1902     28     0.20729
1902     29     0.21123
1902     30     0.19744
1902     31     0.16624
1902     32     0.14512
1902     33     0.13991
1902     34     0.13414
1902     35     0.11792
1902     36     0.10012
1902     37     0.09479
1902     38     0.08731
1902     39     0.06873
1902     40     0.05947
1902     41     0.05263
1902     42     0.03913
1902     43     0.02720
1902     44     0.01667
1902     45     0.00923
1902     46     0.00632
1902     47     0.00412
1902     48     0.00309
1902     49     0.00269
1902     50     0.00279
1902     51     0.00115
1902     52     0.00029
1902     53     0.00006
1902     54     0.00001
1902     55+    0.00000
1903     12-          .
1903     13           .
1903     14           .
1903     15           .
1903     16           .
1903     17           .
1903     18           .
1903     19     0.03178
1903     20     0.05460
1903     21     0.08306
1903     22     0.12384
1903     23     0.15917
1903     24     0.19016
1903     25     0.20904
1903     26     0.20742
1903     27     0.20601
1903     28     0.20844
1903     29     0.20891
1903     30     0.18757
1903     31     0.15729
1903     32     0.14357
1903     33     0.13429
1903     34     0.12632
1903     35     0.11180
1903     36     0.10572
1903     37     0.09816
1903     38     0.07985
1903     39     0.07187
1903     40     0.06553
1903     41     0.05339
1903     42     0.03904
1903     43     0.02518
1903     44     0.01560
1903     45     0.00988
1903     46     0.00554
1903     47     0.00347
1903     48     0.00299
1903     49     0.00266
1903     50     0.00228
1903     51     0.00117
1903     52     0.00030
1903     53     0.00005
1903     54     0.00001
1903     55+    0.00000
1904     12-          .
1904     13           .
1904     14           .
1904     15           .
1904     16           .
1904     17           .
1904     18     0.01601
1904     19     0.03173
1904     20     0.05253
1904     21     0.08581
1904     22     0.12198
1904     23     0.15920
1904     24     0.19492
1904     25     0.20361
1904     26     0.20622
1904     27     0.20917
1904     28     0.20753
1904     29     0.20091
1904     30     0.17943
1904     31     0.15552
1904     32     0.13925
1904     33     0.12776
1904     34     0.11964
1904     35     0.12016
1904     36     0.11070
1904     37     0.09088
1904     38     0.08381
1904     39     0.07751
1904     40     0.06655
1904     41     0.05252
1904     42     0.03632
1904     43     0.02436
1904     44     0.01628
1904     45     0.00864
1904     46     0.00451
1904     47     0.00339
1904     48     0.00295
1904     49     0.00229
1904     50     0.00239
1904     51     0.00118
1904     52     0.00021
1904     53     0.00005
1904     54     0.00001
1904     55+    0.00000
1905     12-          .
1905     13           .
1905     14           .
1905     15           .
1905     16           .
1905     17     0.00668
1905     18     0.01599
1905     19     0.03003
1905     20     0.05367
1905     21     0.08491
1905     22     0.12168
1905     23     0.16532
1905     24     0.19193
1905     25     0.20243
1905     26     0.20994
1905     27     0.20944
1905     28     0.20240
1905     29     0.19526
1905     30     0.17643
1905     31     0.15054
1905     32     0.13246
1905     33     0.12135
1905     34     0.13126
1905     35     0.12613
1905     36     0.10212
1905     37     0.09616
1905     38     0.09092
1905     39     0.07852
1905     40     0.06521
1905     41     0.04932
1905     42     0.03636
1905     43     0.02536
1905     44     0.01443
1905     45     0.00719
1905     46     0.00443
1905     47     0.00334
1905     48     0.00269
1905     49     0.00234
1905     50     0.00221
1905     51     0.00075
1905     52     0.00021
1905     53     0.00005
1905     54     0.00001
1905     55+    0.00000
1906     12-          .
1906     13           .
1906     14           .
1906     15           .
1906     16     0.00222
1906     17     0.00648
1906     18     0.01500
1906     19     0.03030
1906     20     0.05318
1906     21     0.08388
1906     22     0.12540
1906     23     0.16430
1906     24     0.19142
1906     25     0.20570
1906     26     0.21118
1906     27     0.20563
1906     28     0.19908
1906     29     0.19037
1906     30     0.16860
1906     31     0.14156
1906     32     0.12451
1906     33     0.13573
1906     34     0.13649
1906     35     0.11369
1906     36     0.10854
1906     37     0.10432
1906     38     0.09284
1906     39     0.07717
1906     40     0.06129
1906     41     0.05031
1906     42     0.03759
1906     43     0.02298
1906     44     0.01253
1906     45     0.00705
1906     46     0.00437
1906     47     0.00319
1906     48     0.00267
1906     49     0.00214
1906     50     0.00150
1906     51     0.00076
1906     52     0.00020
1906     53     0.00004
1906     54     0.00001
1906     55+    0.00000
1907     12-          .
1907     13           .
1907     14           .
1907     15     0.00058
1907     16     0.00209
1907     17     0.00636
1907     18     0.01564
1907     19     0.03047
1907     20     0.05223
1907     21     0.08542
1907     22     0.12529
1907     23     0.16439
1907     24     0.19500
1907     25     0.20765
1907     26     0.20704
1907     27     0.20278
1907     28     0.19255
1907     29     0.17872
1907     30     0.15473
1907     31     0.12928
1907     32     0.14142
1907     33     0.14027
1907     34     0.11945
1907     35     0.12138
1907     36     0.11750
1907     37     0.10681
1907     38     0.09087
1907     39     0.07202
1907     40     0.06250
1907     41     0.05141
1907     42     0.03437
1907     43     0.02046
1907     44     0.01208
1907     45     0.00695
1907     46     0.00424
1907     47     0.00310
1907     48     0.00249
1907     49     0.00170
1907     50     0.00149
1907     51     0.00071
1907     52     0.00018
1907     53     0.00004
1907     54     0.00001
1907     55+    0.00000
1908     12-          .
1908     13           .
1908     14     0.00012
1908     15     0.00052
1908     16     0.00218
1908     17     0.00692
1908     18     0.01536
1908     19     0.02949
1908     20     0.05222
1908     21     0.08502
1908     22     0.12561
1908     23     0.16740
1908     24     0.19830
1908     25     0.20262
1908     26     0.20341
1908     27     0.19574
1908     28     0.17893
1908     29     0.16017
1908     30     0.13581
1908     31     0.14796
1908     32     0.14710
1908     33     0.12064
1908     34     0.12805
1908     35     0.13074
1908     36     0.12030
1908     37     0.10451
1908     38     0.08469
1908     39     0.07288
1908     40     0.06365
1908     41     0.04773
1908     42     0.03160
1908     43     0.01991
1908     44     0.01202
1908     45     0.00674
1908     46     0.00409
1908     47     0.00295
1908     48     0.00215
1908     49     0.00168
1908     50     0.00138
1908     51     0.00060
1908     52     0.00015
1908     53     0.00004
1908     54     0.00001
1908     55+    0.00000
1909     12-          .
1909     13     0.00001
1909     14     0.00010
1909     15     0.00061
1909     16     0.00255
1909     17     0.00656
1909     18     0.01497
1909     19     0.02910
1909     20     0.05247
1909     21     0.08655
1909     22     0.12951
1909     23     0.17182
1909     24     0.18948
1909     25     0.19714
1909     26     0.19658
1909     27     0.18072
1909     28     0.15695
1909     29     0.13400
1909     30     0.15548
1909     31     0.15669
1909     32     0.12467
1909     33     0.12974
1909     34     0.13667
1909     35     0.13260
1909     36     0.11708
1909     37     0.09696
1909     38     0.08530
1909     39     0.07348
1909     40     0.05864
1909     41     0.04435
1909     42     0.03077
1909     43     0.01974
1909     44     0.01150
1909     45     0.00645
1909     46     0.00394
1909     47     0.00272
1909     48     0.00213
1909     49     0.00157
1909     50     0.00118
1909     51     0.00048
1909     52     0.00014
1909     53     0.00004
1909     54     0.00001
1909     55+    0.00000
1910     12-    0.00000
1910     13     0.00001
1910     14     0.00013
1910     15     0.00072
1910     16     0.00223
1910     17     0.00652
1910     18     0.01507
1910     19     0.02859
1910     20     0.05360
1910     21     0.08963
1910     22     0.13303
1910     23     0.16179
1910     24     0.17911
1910     25     0.19128
1910     26     0.18134
1910     27     0.15584
1910     28     0.12561
1910     29     0.15440
1910     30     0.16924
1910     31     0.13285
1910     32     0.13450
1910     33     0.13727
1910     34     0.13744
1910     35     0.12863
1910     36     0.10891
1910     37     0.09761
1910     38     0.08515
1910     39     0.06691
1910     40     0.05451
1910     41     0.04365
1910     42     0.03054
1910     43     0.01870
1910     44     0.01118
1910     45     0.00626
1910     46     0.00377
1910     47     0.00271
1910     48     0.00202
1910     49     0.00143
1910     50     0.00094
1910     51     0.00047
1910     52     0.00016
1910     53     0.00004
1910     54     0.00001
1910     55+    0.00000
1911     12-    0.00000
1911     13     0.00001
1911     14     0.00016
1911     15     0.00059
1911     16     0.00238
1911     17     0.00725
1911     18     0.01507
1911     19     0.02911
1911     20     0.05602
1911     21     0.09221
1911     22     0.12625
1911     23     0.15217
1911     24     0.17553
1911     25     0.17687
1911     26     0.15465
1911     27     0.12103
1911     28     0.14584
1911     29     0.17294
1911     30     0.14530
1911     31     0.14396
1911     32     0.14174
1911     33     0.13685
1911     34     0.13342
1911     35     0.12048
1911     36     0.10993
1911     37     0.09684
1911     38     0.07705
1911     39     0.06304
1911     40     0.05441
1911     41     0.04344
1911     42     0.02893
1911     43     0.01839
1911     44     0.01104
1911     45     0.00604
1911     46     0.00378
1911     47     0.00260
1911     48     0.00192
1911     49     0.00124
1911     50     0.00095
1911     51     0.00051
1911     52     0.00016
1911     53     0.00006
1911     54     0.00001
1911     55+    0.00000
1912     12-    0.00000
1912     13     0.00001
1912     14     0.00012
1912     15     0.00068
1912     16     0.00300
1912     17     0.00752
1912     18     0.01550
1912     19     0.03053
1912     20     0.05776
1912     21     0.09011
1912     22     0.12115
1912     23     0.15009
1912     24     0.16319
1912     25     0.14990
1912     26     0.11784
1912     27     0.14123
1912     28     0.16669
1912     29     0.15049
1912     30     0.15791
1912     31     0.15128
1912     32     0.14047
1912     33     0.13224
1912     34     0.12610
1912     35     0.12206
1912     36     0.10832
1912     37     0.08704
1912     38     0.07305
1912     39     0.06381
1912     40     0.05383
1912     41     0.04083
1912     42     0.02834
1912     43     0.01793
1912     44     0.01062
1912     45     0.00604
1912     46     0.00365
1912     47     0.00257
1912     48     0.00173
1912     49     0.00121
1912     50     0.00096
1912     51     0.00054
1912     52     0.00025
1912     53     0.00006
1912     54     0.00001
1912     55+    0.00000
1913     12-    0.00000
1913     13     0.00001
1913     14     0.00015
1913     15     0.00096
1913     16     0.00318
1913     17     0.00779
1913     18     0.01625
1913     19     0.03155
1913     20     0.05739
1913     21     0.08764
1913     22     0.11756
1913     23     0.13939
1913     24     0.13745
1913     25     0.11421
1913     26     0.13569
1913     27     0.16302
1913     28     0.14647
1913     29     0.16401
1913     30     0.16657
1913     31     0.15032
1913     32     0.13608
1913     33     0.12574
1913     34     0.12818
1913     35     0.12101
1913     36     0.09818
1913     37     0.08326
1913     38     0.07446
1913     39     0.06311
1913     40     0.05125
1913     41     0.04032
1913     42     0.02781
1913     43     0.01757
1913     44     0.01075
1913     45     0.00590
1913     46     0.00370
1913     47     0.00241
1913     48     0.00163
1913     49     0.00119
1913     50     0.00108
1913     51     0.00093
1913     52     0.00029
1913     53     0.00006
1913     54     0.00001
1913     55+    0.00000
1914     12-    0.00000
1914     13     0.00001
1914     14     0.00025
1914     15     0.00106
1914     16     0.00341
1914     17     0.00824
1914     18     0.01691
1914     19     0.03366
1914     20     0.05714
1914     21     0.08378
1914     22     0.10937
1914     23     0.11684
1914     24     0.10325
1914     25     0.12988
1914     26     0.15775
1914     27     0.14444
1914     28     0.16067
1914     29     0.17338
1914     30     0.16628
1914     31     0.14609
1914     32     0.12977
1914     33     0.12803
1914     34     0.12742
1914     35     0.11064
1914     36     0.09415
1914     37     0.08519
1914     38     0.07384
1914     39     0.06001
1914     40     0.05054
1914     41     0.03943
1914     42     0.02746
1914     43     0.01790
1914     44     0.01035
1914     45     0.00596
1914     46     0.00355
1914     47     0.00221
1914     48     0.00161
1914     49     0.00130
1914     50     0.00185
1914     51     0.00106
1914     52     0.00029
1914     53     0.00007
1914     54     0.00001
1914     55+    0.00000
1915     12-    0.00000
1915     13     0.00002
1915     14     0.00028
1915     15     0.00116
1915     16     0.00354
1915     17     0.00846
1915     18     0.01755
1915     19     0.03405
1915     20     0.05349
1915     21     0.07780
1915     22     0.09287
1915     23     0.08767
1915     24     0.11511
1915     25     0.14940
1915     26     0.14187
1915     27     0.15839
1915     28     0.16989
1915     29     0.17453
1915     30     0.16303
1915     31     0.14008
1915     32     0.13241
1915     33     0.12790
1915     34     0.11797
1915     35     0.10666
1915     36     0.09652
1915     37     0.08495
1915     38     0.07071
1915     39     0.05882
1915     40     0.04981
1915     41     0.03961
1915     42     0.02839
1915     43     0.01748
1915     44     0.01037
1915     45     0.00582
1915     46     0.00324
1915     47     0.00220
1915     48     0.00171
1915     49     0.00183
1915     50     0.00197
1915     51     0.00114
1915     52     0.00033
1915     53     0.00004
1915     54     0.00001
1915     55+    0.00000
1916     12-    0.00000
1916     13     0.00002
1916     14     0.00033
1916     15     0.00119
1916     16     0.00364
1916     17     0.00771
1916     18     0.01700
1916     19     0.03143
1916     20     0.04995
1916     21     0.06768
1916     22     0.07007
1916     23     0.09601
1916     24     0.13244
1916     25     0.13636
1916     26     0.15578
1916     27     0.16757
1916     28     0.17226
1916     29     0.17263
1916     30     0.15663
1916     31     0.14336
1916     32     0.13281
1916     33     0.11969
1916     34     0.11319
1916     35     0.10887
1916     36     0.09637
1916     37     0.08145
1916     38     0.06939
1916     39     0.05777
1916     40     0.05039
1916     41     0.04102
1916     42     0.02775
1916     43     0.01742
1916     44     0.00996
1916     45     0.00532
1916     46     0.00325
1916     47     0.00230
1916     48     0.00210
1916     49     0.00185
1916     50     0.00236
1916     51     0.00127
1916     52     0.00017
1916     53     0.00004
1916     54     0.00001
1916     55+    0.00000
1917     12-    0.00000
1917     13     0.00003
1917     14     0.00031
1917     15     0.00122
1917     16     0.00279
1917     17     0.00668
1917     18     0.01612
1917     19     0.02983
1917     20     0.04491
1917     21     0.05206
1917     22     0.07479
1917     23     0.10919
1917     24     0.12354
1917     25     0.14917
1917     26     0.16411
1917     27     0.17029
1917     28     0.17153
1917     29     0.16631
1917     30     0.16109
1917     31     0.14412
1917     32     0.12536
1917     33     0.11504
1917     34     0.11461
1917     35     0.10888
1917     36     0.09275
1917     37     0.08023
1917     38     0.06856
1917     39     0.05822
1917     40     0.05200
1917     41     0.04030
1917     42     0.02765
1917     43     0.01698
1917     44     0.00921
1917     45     0.00535
1917     46     0.00334
1917     47     0.00248
1917     48     0.00213
1917     49     0.00227
1917     50     0.00234
1917     51     0.00053
1917     52     0.00016
1917     53     0.00004
1917     54     0.00001
1917     55+    0.00000
1918     12-    0.00000
1918     13     0.00003
1918     14     0.00033
1918     15     0.00081
1918     16     0.00203
1918     17     0.00696
1918     18     0.01563
1918     19     0.02814
1918     20     0.03518
1918     21     0.05335
1918     22     0.08481
1918     23     0.10322
1918     24     0.13525
1918     25     0.15652
1918     26     0.16623
1918     27     0.16996
1918     28     0.16567
1918     29     0.17178
1918     30     0.16233
1918     31     0.13647
1918     32     0.12064
1918     33     0.11599
1918     34     0.11500
1918     35     0.10524
1918     36     0.09174
1918     37     0.07982
1918     38     0.06904
1918     39     0.05984
1918     40     0.05137
1918     41     0.04032
1918     42     0.02746
1918     43     0.01625
1918     44     0.00931
1918     45     0.00550
1918     46     0.00336
1918     47     0.00252
1918     48     0.00258
1918     49     0.00219
1918     50     0.00102
1918     51     0.00052
1918     52     0.00017
1918     53     0.00003
1918     54     0.00001
1918     55+    0.00000
1919     12-    0.00000
1919     13     0.00003
1919     14     0.00018
1919     15     0.00051
1919     16     0.00253
1919     17     0.00727
1919     18     0.01542
1919     19     0.02264
1919     20     0.03560
1919     21     0.06128
1919     22     0.08313
1919     23     0.11366
1919     24     0.14164
1919     25     0.15806
1919     26     0.16527
1919     27     0.16484
1919     28     0.17227
1919     29     0.17251
1919     30     0.15231
1919     31     0.13097
1919     32     0.12135
1919     33     0.11656
1919     34     0.11125
1919     35     0.10388
1919     36     0.09122
1919     37     0.08007
1919     38     0.07050
1919     39     0.05921
1919     40     0.05111
1919     41     0.04009
1919     42     0.02661
1919     43     0.01627
1919     44     0.00958
1919     45     0.00545
1919     46     0.00338
1919     47     0.00305
1919     48     0.00256
1919     49     0.00120
1919     50     0.00103
1919     51     0.00053
1919     52     0.00012
1919     53     0.00003
1919     54     0.00001
1919     55+    0.00001
1920     12-    0.00000
1920     13     0.00001
1920     14     0.00010
1920     15     0.00069
1920     16     0.00270
1920     17     0.00723
1920     18     0.01245
1920     19     0.02131
1920     20     0.04016
1920     21     0.06160
1920     22     0.09046
1920     23     0.11781
1920     24     0.14006
1920     25     0.15567
1920     26     0.16148
1920     27     0.17229
1920     28     0.17318
1920     29     0.16202
1920     30     0.14711
1920     31     0.13220
1920     32     0.12231
1920     33     0.11325
1920     34     0.11075
1920     35     0.10390
1920     36     0.09193
1920     37     0.08175
1920     38     0.07002
1920     39     0.05974
1920     40     0.05114
1920     41     0.03971
1920     42     0.02680
1920     43     0.01693
1920     44     0.00990
1920     45     0.00551
1920     46     0.00398
1920     47     0.00313
1920     48     0.00163
1920     49     0.00122
1920     50     0.00100
1920     51     0.00037
1920     52     0.00013
1920     53     0.00003
1920     54     0.00004
1920     55+    0.00003
1921     12-    0.00000
1921     13     0.00001
1921     14     0.00016
1921     15     0.00078
1921     16     0.00279
1921     17     0.00561
1921     18     0.01119
1921     19     0.02397
1921     20     0.04142
1921     21     0.06735
1921     22     0.09362
1921     23     0.11575
1921     24     0.13636
1921     25     0.15288
1921     26     0.17040
1921     27     0.17336
1921     28     0.16172
1921     29     0.15750
1921     30     0.14925
1921     31     0.13358
1921     32     0.11899
1921     33     0.11290
1921     34     0.11205
1921     35     0.10539
1921     36     0.09395
1921     37     0.08117
1921     38     0.07038
1921     39     0.06026
1921     40     0.05044
1921     41     0.03985
1921     42     0.02802
1921     43     0.01752
1921     44     0.01002
1921     45     0.00632
1921     46     0.00420
1921     47     0.00221
1921     48     0.00161
1921     49     0.00116
1921     50     0.00070
1921     51     0.00039
1921     52     0.00012
1921     53     0.00005
1921     54     0.00007
1921     55+    0.00004
1922     12-    0.00000
1922     13     0.00001
1922     14     0.00017
1922     15     0.00082
1922     16     0.00204
1922     17     0.00486
1922     18     0.01260
1922     19     0.02517
1922     20     0.04514
1922     21     0.06919
1922     22     0.09174
1922     23     0.11214
1922     24     0.13610
1922     25     0.16268
1922     26     0.17118
1922     27     0.16175
1922     28     0.15783
1922     29     0.16100
1922     30     0.15080
1922     31     0.13035
1922     32     0.11879
1922     33     0.11465
1922     34     0.11498
1922     35     0.10795
1922     36     0.09339
1922     37     0.08137
1922     38     0.07014
1922     39     0.05914
1922     40     0.05052
1922     41     0.04179
1922     42     0.02886
1922     43     0.01727
1922     44     0.01113
1922     45     0.00665
1922     46     0.00321
1922     47     0.00212
1922     48     0.00151
1922     49     0.00092
1922     50     0.00076
1922     51     0.00036
1922     52     0.00009
1922     53     0.00006
1922     54     0.00005
1922     55+    0.00004
1923     12-    0.00000
1923     13     0.00001
1923     14     0.00018
1923     15     0.00056
1923     16     0.00172
1923     17     0.00545
1923     18     0.01288
1923     19     0.02732
1923     20     0.04616
1923     21     0.06758
1923     22     0.08797
1923     23     0.11260
1923     24     0.14647
1923     25     0.16327
1923     26     0.15948
1923     27     0.15772
1923     28     0.16198
1923     29     0.16316
1923     30     0.14795
1923     31     0.13038
1923     32     0.12098
1923     33     0.11828
1923     34     0.11841
1923     35     0.10786
1923     36     0.09387
1923     37     0.08055
1923     38     0.06842
1923     39     0.05943
1923     40     0.05325
1923     41     0.04294
1923     42     0.02804
1923     43     0.01847
1923     44     0.01151
1923     45     0.00524
1923     46     0.00304
1923     47     0.00197
1923     48     0.00127
1923     49     0.00095
1923     50     0.00066
1923     51     0.00020
1923     52     0.00008
1923     53     0.00006
1923     54     0.00004
1923     55+    0.00004
1924     12-    0.00000
1924     13     0.00002
1924     14     0.00011
1924     15     0.00047
1924     16     0.00188
1924     17     0.00497
1924     18     0.01378
1924     19     0.02818
1924     20     0.04510
1924     21     0.06414
1924     22     0.08714
1924     23     0.12175
1924     24     0.14613
1924     25     0.15200
1924     26     0.15489
1924     27     0.16175
1924     28     0.16458
1924     29     0.16071
1924     30     0.14806
1924     31     0.13282
1924     32     0.12519
1924     33     0.12205
1924     34     0.11865
1924     35     0.10907
1924     36     0.09272
1924     37     0.07823
1924     38     0.06873
1924     39     0.06194
1924     40     0.05420
1924     41     0.04119
1924     42     0.02885
1924     43     0.01853
1924     44     0.00934
1924     45     0.00493
1924     46     0.00283
1924     47     0.00176
1924     48     0.00126
1924     49     0.00082
1924     50     0.00037
1924     51     0.00015
1924     52     0.00008
1924     53     0.00007
1924     54     0.00004
1924     55+    0.00005
1925     12-    0.00000
1925     13     0.00001
1925     14     0.00011
1925     15     0.00050
1925     16     0.00146
1925     17     0.00522
1925     18     0.01450
1925     19     0.02791
1925     20     0.04228
1925     21     0.06170
1925     22     0.09367
1925     23     0.12106
1925     24     0.13614
1925     25     0.14669
1925     26     0.15814
1925     27     0.16462
1925     28     0.16297
1925     29     0.16076
1925     30     0.15096
1925     31     0.13775
1925     32     0.12954
1925     33     0.12301
1925     34     0.12055
1925     35     0.10867
1925     36     0.09027
1925     37     0.07865
1925     38     0.07159
1925     39     0.06262
1925     40     0.05226
1925     41     0.04141
1925     42     0.02847
1925     43     0.01596
1925     44     0.00880
1925     45     0.00464
1925     46     0.00261
1925     47     0.00170
1925     48     0.00112
1925     49     0.00056
1925     50     0.00024
1925     51     0.00013
1925     52     0.00009
1925     53     0.00008
1925     54     0.00005
1925     55+    0.00005
1926     12-    0.00000
1926     13     0.00001
1926     14     0.00010
1926     15     0.00033
1926     16     0.00153
1926     17     0.00582
1926     18     0.01421
1926     19     0.02565
1926     20     0.03953
1926     21     0.06600
1926     22     0.09398
1926     23     0.11285
1926     24     0.13133
1926     25     0.14908
1926     26     0.16109
1926     27     0.16332
1926     28     0.16321
1926     29     0.16364
1926     30     0.15682
1926     31     0.14276
1926     32     0.13103
1926     33     0.12581
1926     34     0.12097
1926     35     0.10645
1926     36     0.09076
1926     37     0.08200
1926     38     0.07325
1926     39     0.06066
1926     40     0.05212
1926     41     0.04032
1926     42     0.02567
1926     43     0.01520
1926     44     0.00830
1926     45     0.00432
1926     46     0.00247
1926     47     0.00156
1926     48     0.00083
1926     49     0.00038
1926     50     0.00020
1926     51     0.00007
1926     52     0.00007
1926     53     0.00005
1926     54     0.00004
1926     55+    0.00002
1927     12-    0.00000
1927     13     0.00001
1927     14     0.00006
1927     15     0.00035
1927     16     0.00181
1927     17     0.00546
1927     18     0.01273
1927     19     0.02298
1927     20     0.04179
1927     21     0.06698
1927     22     0.08725
1927     23     0.10813
1927     24     0.13194
1927     25     0.15166
1927     26     0.15978
1927     27     0.16388
1927     28     0.16603
1927     29     0.16964
1927     30     0.16261
1927     31     0.14463
1927     32     0.13454
1927     33     0.12726
1927     34     0.11960
1927     35     0.10727
1927     36     0.09465
1927     37     0.08458
1927     38     0.07155
1927     39     0.06080
1927     40     0.05099
1927     41     0.03779
1927     42     0.02477
1927     43     0.01453
1927     44     0.00781
1927     45     0.00409
1927     46     0.00234
1927     47     0.00130
1927     48     0.00056
1927     49     0.00028
1927     50     0.00016
1927     51     0.00007
1927     52     0.00006
1927     53     0.00003
1927     54     0.00004
1927     55+    0.00005
1928     12-    0.00000
1928     13     0.00001
1928     14     0.00006
1928     15     0.00043
1928     16     0.00160
1928     17     0.00485
1928     18     0.01158
1928     19     0.02417
1928     20     0.04291
1928     21     0.06157
1928     22     0.08223
1928     23     0.10812
1928     24     0.13393
1928     25     0.15032
1928     26     0.16086
1928     27     0.16721
1928     28     0.17200
1928     29     0.17532
1928     30     0.16462
1928     31     0.14872
1928     32     0.13686
1928     33     0.12666
1928     34     0.12099
1928     35     0.11187
1928     36     0.09775
1928     37     0.08302
1928     38     0.07196
1928     39     0.06003
1928     40     0.04837
1928     41     0.03666
1928     42     0.02389
1928     43     0.01389
1928     44     0.00742
1928     45     0.00390
1928     46     0.00233
1928     47     0.00103
1928     48     0.00054
1928     49     0.00024
1928     50     0.00015
1928     51     0.00009
1928     52     0.00004
1928     53     0.00002
1928     54     0.00004
1928     55+    0.00006
1929     12-    0.00000
1929     13     0.00001
1929     14     0.00008
1929     15     0.00036
1929     16     0.00145
1929     17     0.00484
1929     18     0.01233
1929     19     0.02534
1929     20     0.03930
1929     21     0.05724
1929     22     0.08284
1929     23     0.10991
1929     24     0.13233
1929     25     0.15187
1929     26     0.16501
1929     27     0.17363
1929     28     0.17724
1929     29     0.17673
1929     30     0.16886
1929     31     0.15143
1929     32     0.13665
1929     33     0.12842
1929     34     0.12582
1929     35     0.11431
1929     36     0.09606
1929     37     0.08377
1929     38     0.07113
1929     39     0.05702
1929     40     0.04702
1929     41     0.03570
1929     42     0.02323
1929     43     0.01325
1929     44     0.00717
1929     45     0.00429
1929     46     0.00230
1929     47     0.00108
1929     48     0.00049
1929     49     0.00023
1929     50     0.00020
1929     51     0.00010
1929     52     0.00004
1929     53     0.00003
1929     54     0.00006
1929     55+    0.00003
1930     12-    0.00000
1930     13     0.00001
1930     14     0.00006
1930     15     0.00034
1930     16     0.00163
1930     17     0.00522
1930     18     0.01257
1930     19     0.02251
1930     20     0.03611
1930     21     0.05842
1930     22     0.08492
1930     23     0.10835
1930     24     0.13376
1930     25     0.15707
1930     26     0.17262
1930     27     0.17990
1930     28     0.17832
1930     29     0.18134
1930     30     0.17161
1930     31     0.15115
1930     32     0.13897
1930     33     0.13318
1930     34     0.12716
1930     35     0.11187
1930     36     0.09714
1930     37     0.08281
1930     38     0.06741
1930     39     0.05564
1930     40     0.04577
1930     41     0.03494
1930     42     0.02212
1930     43     0.01286
1930     44     0.00803
1930     45     0.00452
1930     46     0.00233
1930     47     0.00105
1930     48     0.00050
1930     49     0.00029
1930     50     0.00026
1930     51     0.00010
1930     52     0.00008
1930     53     0.00005
1930     54     0.00005
1930     55+    0.00002
1931     12-    0.00000
1931     13     0.00001
1931     14     0.00006
1931     15     0.00043
1931     16     0.00178
1931     17     0.00489
1931     18     0.01107
1931     19     0.02025
1931     20     0.03743
1931     21     0.06061
1931     22     0.08417
1931     23     0.11010
1931     24     0.13987
1931     25     0.16565
1931     26     0.18049
1931     27     0.18148
1931     28     0.18294
1931     29     0.18396
1931     30     0.17092
1931     31     0.15420
1931     32     0.14392
1931     33     0.13352
1931     34     0.12439
1931     35     0.11303
1931     36     0.09612
1931     37     0.07846
1931     38     0.06615
1931     39     0.05416
1931     40     0.04490
1931     41     0.03353
1931     42     0.02171
1931     43     0.01371
1931     44     0.00845
1931     45     0.00450
1931     46     0.00225
1931     47     0.00106
1931     48     0.00050
1931     49     0.00027
1931     50     0.00023
1931     51     0.00010
1931     52     0.00008
1931     53     0.00005
1931     54     0.00003
1931     55+    0.00002
1932     12-    0.00000
1932     13     0.00001
1932     14     0.00009
1932     15     0.00047
1932     16     0.00149
1932     17     0.00454
1932     18     0.01059
1932     19     0.02108
1932     20     0.03962
1932     21     0.06107
1932     22     0.08592
1932     23     0.11664
1932     24     0.14833
1932     25     0.17550
1932     26     0.18334
1932     27     0.18578
1932     28     0.18492
1932     29     0.18255
1932     30     0.17455
1932     31     0.15962
1932     32     0.14342
1932     33     0.13016
1932     34     0.12504
1932     35     0.11137
1932     36     0.09079
1932     37     0.07697
1932     38     0.06395
1932     39     0.05258
1932     40     0.04302
1932     41     0.03277
1932     42     0.02149
1932     43     0.01330
1932     44     0.00790
1932     45     0.00417
1932     46     0.00186
1932     47     0.00089
1932     48     0.00039
1932     49     0.00022
1932     50     0.00019
1932     51     0.00007
1932     52     0.00007
1932     53     0.00004
1932     54     0.00002
1932     55+    0.00000
1933     12-    0.00000
1933     13     0.00001
1933     14     0.00009
1933     15     0.00034
1933     16     0.00151
1933     17     0.00490
1933     18     0.01095
1933     19     0.02182
1933     20     0.04021
1933     21     0.06176
1933     22     0.09008
1933     23     0.12356
1933     24     0.15710
1933     25     0.17983
1933     26     0.18688
1933     27     0.18713
1933     28     0.18358
1933     29     0.18714
1933     30     0.18134
1933     31     0.15927
1933     32     0.13992
1933     33     0.13082
1933     34     0.12372
1933     35     0.10610
1933     36     0.08927
1933     37     0.07438
1933     38     0.06181
1933     39     0.05077
1933     40     0.04208
1933     41     0.03078
1933     42     0.02004
1933     43     0.01274
1933     44     0.00719
1933     45     0.00363
1933     46     0.00161
1933     47     0.00078
1933     48     0.00031
1933     49     0.00019
1933     50     0.00014
1933     51     0.00005
1933     52     0.00007
1933     53     0.00003
1933     54     0.00001
1933     55+    0.00000
1934     12-    0.00000
1934     13     0.00001
1934     14     0.00006
1934     15     0.00041
1934     16     0.00190
1934     17     0.00498
1934     18     0.01141
1934     19     0.02207
1934     20     0.04057
1934     21     0.06424
1934     22     0.09559
1934     23     0.13195
1934     24     0.16076
1934     25     0.18208
1934     26     0.18765
1934     27     0.18591
1934     28     0.18872
1934     29     0.19460
1934     30     0.18146
1934     31     0.15551
1934     32     0.14066
1934     33     0.12971
1934     34     0.11894
1934     35     0.10403
1934     36     0.08615
1934     37     0.07150
1934     38     0.06001
1934     39     0.04950
1934     40     0.04021
1934     41     0.02718
1934     42     0.01957
1934     43     0.01188
1934     44     0.00666
1934     45     0.00346
1934     46     0.00148
1934     47     0.00074
1934     48     0.00028
1934     49     0.00020
1934     50     0.00016
1934     51     0.00006
1934     52     0.00003
1934     53     0.00002
1934     54     0.00002
1934     55+    0.00001
1935     12-    0.00000
1935     13     0.00001
1935     14     0.00009
1935     15     0.00058
1935     16     0.00185
1935     17     0.00516
1935     18     0.01179
1935     19     0.02191
1935     20     0.04195
1935     21     0.06799
1935     22     0.10149
1935     23     0.13578
1935     24     0.16123
1935     25     0.18222
1935     26     0.18688
1935     27     0.19111
1935     28     0.19664
1935     29     0.19549
1935     30     0.17769
1935     31     0.15656
1935     32     0.13960
1935     33     0.12452
1935     34     0.11560
1935     35     0.10068
1935     36     0.08289
1935     37     0.06974
1935     38     0.05792
1935     39     0.04754
1935     40     0.03759
1935     41     0.02599
1935     42     0.01790
1935     43     0.01055
1935     44     0.00605
1935     45     0.00309
1935     46     0.00138
1935     47     0.00072
1935     48     0.00030
1935     49     0.00026
1935     50     0.00015
1935     51     0.00005
1935     52     0.00004
1935     53     0.00003
1935     54     0.00003
1935     55+    0.00002
1936     12-    0.00000
1936     13     0.00001
1936     14     0.00012
1936     15     0.00052
1936     16     0.00189
1936     17     0.00537
1936     18     0.01160
1936     19     0.02300
1936     20     0.04356
1936     21     0.07026
1936     22     0.10342
1936     23     0.13538
1936     24     0.16439
1936     25     0.18219
1936     26     0.19162
1936     27     0.19931
1936     28     0.19856
1936     29     0.19281
1936     30     0.17959
1936     31     0.15580
1936     32     0.13423
1936     33     0.12047
1936     34     0.11171
1936     35     0.09797
1936     36     0.08124
1936     37     0.06694
1936     38     0.05539
1936     39     0.04516
1936     40     0.03567
1936     41     0.02397
1936     42     0.01625
1936     43     0.00944
1936     44     0.00526
1936     45     0.00263
1936     46     0.00139
1936     47     0.00066
1936     48     0.00032
1936     49     0.00024
1936     50     0.00010
1936     51     0.00003
1936     52     0.00004
1936     53     0.00003
1936     54     0.00001
1936     55+    0.00001
1937     12-    0.00000
1937     13     0.00001
1937     14     0.00011
1937     15     0.00053
1937     16     0.00198
1937     17     0.00543
1937     18     0.01260
1937     19     0.02516
1937     20     0.04363
1937     21     0.07081
1937     22     0.10274
1937     23     0.13786
1937     24     0.17084
1937     25     0.18653
1937     26     0.19970
1937     27     0.20169
1937     28     0.19683
1937     29     0.19556
1937     30     0.17912
1937     31     0.15036
1937     32     0.12985
1937     33     0.11717
1937     34     0.10941
1937     35     0.09602
1937     36     0.07793
1937     37     0.06446
1937     38     0.05356
1937     39     0.04336
1937     40     0.03356
1937     41     0.02182
1937     42     0.01500
1937     43     0.00863
1937     44     0.00480
1937     45     0.00253
1937     46     0.00123
1937     47     0.00061
1937     48     0.00026
1937     49     0.00015
1937     50     0.00007
1937     51     0.00003
1937     52     0.00002
1937     53     0.00002
1937     54     0.00001
1937     55+    0.00001
1938     12-    0.00000
1938     13     0.00001
1938     14     0.00014
1938     15     0.00057
1938     16     0.00211
1938     17     0.00666
1938     18     0.01363
1938     19     0.02593
1938     20     0.04378
1938     21     0.07046
1938     22     0.10426
1938     23     0.14529
1938     24     0.17657
1938     25     0.19377
1938     26     0.20188
1938     27     0.20009
1938     28     0.20055
1938     29     0.19434
1938     30     0.17397
1938     31     0.14607
1938     32     0.12697
1938     33     0.11586
1938     34     0.10590
1938     35     0.09265
1938     36     0.07372
1938     37     0.06182
1938     38     0.05065
1938     39     0.04030
1938     40     0.03087
1938     41     0.01927
1938     42     0.01359
1938     43     0.00787
1938     44     0.00454
1938     45     0.00241
1938     46     0.00111
1938     47     0.00053
1938     48     0.00023
1938     49     0.00011
1938     50     0.00007
1938     51     0.00004
1938     52     0.00002
1938     53     0.00002
1938     54     0.00001
1938     55+    0.00001
1939     12-    0.00000
1939     13     0.00001
1939     14     0.00015
1939     15     0.00066
1939     16     0.00316
1939     17     0.00698
1939     18     0.01348
1939     19     0.02662
1939     20     0.04414
1939     21     0.07182
1939     22     0.11039
1939     23     0.14956
1939     24     0.18134
1939     25     0.19555
1939     26     0.19990
1939     27     0.20391
1939     28     0.19957
1939     29     0.18835
1939     30     0.17006
1939     31     0.14314
1939     32     0.12596
1939     33     0.11194
1939     34     0.10205
1939     35     0.08661
1939     36     0.07138
1939     37     0.05896
1939     38     0.04786
1939     39     0.03672
1939     40     0.02809
1939     41     0.01780
1939     42     0.01240
1939     43     0.00732
1939     44     0.00422
1939     45     0.00221
1939     46     0.00097
1939     47     0.00041
1939     48     0.00019
1939     49     0.00008
1939     50     0.00005
1939     51     0.00004
1939     52     0.00003
1939     53     0.00001
1939     54     0.00001
1939     55+    0.00000
1940     12-    0.00000
1940     13     0.00001
1940     14     0.00017
1940     15     0.00112
1940     16     0.00299
1940     17     0.00606
1940     18     0.01363
1940     19     0.02639
1940     20     0.04419
1940     21     0.07443
1940     22     0.11267
1940     23     0.15157
1940     24     0.18183
1940     25     0.19264
1940     26     0.20277
1940     27     0.20366
1940     28     0.19493
1940     29     0.18694
1940     30     0.16796
1940     31     0.14229
1940     32     0.12192
1940     33     0.10956
1940     34     0.09643
1940     35     0.08073
1940     36     0.06951
1940     37     0.05641
1940     38     0.04494
1940     39     0.03447
1940     40     0.02648
1940     41     0.01721
1940     42     0.01138
1940     43     0.00683
1940     44     0.00392
1940     45     0.00192
1940     46     0.00086
1940     47     0.00036
1940     48     0.00015
1940     49     0.00008
1940     50     0.00005
1940     51     0.00003
1940     52     0.00002
1940     53     0.00002
1940     54     0.00001
1940     55+    0.00001
1941     12-    0.00000
1941     13     0.00001
1941     14     0.00039
1941     15     0.00101
1941     16     0.00225
1941     17     0.00634
1941     18     0.01362
1941     19     0.02618
1941     20     0.04595
1941     21     0.07636
1941     22     0.11529
1941     23     0.15141
1941     24     0.17854
1941     25     0.19419
1941     26     0.20325
1941     27     0.20129
1941     28     0.19596
1941     29     0.18705
1941     30     0.16644
1941     31     0.13801
1941     32     0.12069
1941     33     0.10587
1941     34     0.08890
1941     35     0.07647
1941     36     0.06386
1941     37     0.05125
1941     38     0.03977
1941     39     0.03059
1941     40     0.02357
1941     41     0.01566
1941     42     0.00981
1941     43     0.00620
1941     44     0.00322
1941     45     0.00160
1941     46     0.00070
1941     47     0.00031
1941     48     0.00013
1941     49     0.00009
1941     50     0.00005
1941     51     0.00002
1941     52     0.00001
1941     53     0.00002
1941     54     0.00001
1941     55+    0.00000
1942     12-    0.00000
1942     13     0.00004
1942     14     0.00027
1942     15     0.00068
1942     16     0.00256
1942     17     0.00676
1942     18     0.01397
1942     19     0.02612
1942     20     0.04818
1942     21     0.08083
1942     22     0.11695
1942     23     0.14984
1942     24     0.17722
1942     25     0.19607
1942     26     0.20459
1942     27     0.20386
1942     28     0.19660
1942     29     0.18361
1942     30     0.16051
1942     31     0.13711
1942     32     0.11824
1942     33     0.10042
1942     34     0.08624
1942     35     0.07222
1942     36     0.05955
1942     37     0.04650
1942     38     0.03553
1942     39     0.02775
1942     40     0.02156
1942     41     0.01407
1942     42     0.00887
1942     43     0.00549
1942     44     0.00284
1942     45     0.00138
1942     46     0.00055
1942     47     0.00026
1942     48     0.00011
1942     49     0.00007
1942     50     0.00006
1942     51     0.00000
1942     52     0.00001
1942     53     0.00001
1942     54     0.00001
1942     55+    0.00000
1943     12-    0.00000
1943     13     0.00002
1943     14     0.00015
1943     15     0.00078
1943     16     0.00280
1943     17     0.00703
1943     18     0.01407
1943     19     0.02620
1943     20     0.05057
1943     21     0.08203
1943     22     0.11575
1943     23     0.14687
1943     24     0.17846
1943     25     0.20084
1943     26     0.20772
1943     27     0.20524
1943     28     0.19212
1943     29     0.17964
1943     30     0.16065
1943     31     0.13488
1943     32     0.11415
1943     33     0.09937
1943     34     0.08364
1943     35     0.06855
1943     36     0.05502
1943     37     0.04273
1943     38     0.03354
1943     39     0.02619
1943     40     0.01976
1943     41     0.01328
1943     42     0.00828
1943     43     0.00482
1943     44     0.00259
1943     45     0.00122
1943     46     0.00048
1943     47     0.00021
1943     48     0.00008
1943     49     0.00005
1943     50     0.00005
1943     51     0.00000
1943     52     0.00001
1943     53     0.00000
1943     54     0.00001
1943     55+    0.00000
1944     12-    0.00000
1944     13     0.00001
1944     14     0.00018
1944     15     0.00091
1944     16     0.00308
1944     17     0.00842
1944     18     0.01450
1944     19     0.02786
1944     20     0.05234
1944     21     0.08212
1944     22     0.11324
1944     23     0.14976
1944     24     0.18729
1944     25     0.20372
1944     26     0.20961
1944     27     0.20090
1944     28     0.18872
1944     29     0.18085
1944     30     0.15721
1944     31     0.12813
1944     32     0.11126
1944     33     0.09395
1944     34     0.07750
1944     35     0.06270
1944     36     0.05041
1944     37     0.03991
1944     38     0.03164
1944     39     0.02444
1944     40     0.01815
1944     41     0.01185
1944     42     0.00749
1944     43     0.00422
1944     44     0.00233
1944     45     0.00109
1944     46     0.00048
1944     47     0.00021
1944     48     0.00009
1944     49     0.00005
1944     50     0.00002
1944     51     0.00001
1944     52     0.00000
1944     53     0.00000
1944     54     0.00000
1944     55+    0.00000
1945     12-    0.00000
1945     13     0.00002
1945     14     0.00022
1945     15     0.00105
1945     16     0.00506
1945     17     0.00862
1945     18     0.01473
1945     19     0.02937
1945     20     0.05303
1945     21     0.08031
1945     22     0.11648
1945     23     0.15955
1945     24     0.18897
1945     25     0.20609
1945     26     0.20741
1945     27     0.19861
1945     28     0.19073
1945     29     0.17856
1945     30     0.15316
1945     31     0.12481
1945     32     0.10584
1945     33     0.08755
1945     34     0.07180
1945     35     0.05821
1945     36     0.04772
1945     37     0.03810
1945     38     0.03006
1945     39     0.02282
1945     40     0.01665
1945     41     0.01057
1945     42     0.00684
1945     43     0.00383
1945     44     0.00212
1945     45     0.00099
1945     46     0.00043
1945     47     0.00021
1945     48     0.00011
1945     49     0.00005
1945     50     0.00001
1945     51     0.00001
1945     52     0.00001
1945     53     0.00001
1945     54     0.00000
1945     55+    0.00001
1946     12-    0.00000
1946     13     0.00002
1946     14     0.00027
1946     15     0.00255
1946     16     0.00499
1946     17     0.00732
1946     18     0.01563
1946     19     0.02987
1946     20     0.05204
1946     21     0.08291
1946     22     0.12438
1946     23     0.16015
1946     24     0.19089
1946     25     0.20763
1946     26     0.20658
1946     27     0.20053
1946     28     0.18272
1946     29     0.17065
1946     30     0.15088
1946     31     0.11897
1946     32     0.09850
1946     33     0.08059
1946     34     0.06617
1946     35     0.05430
1946     36     0.04508
1946     37     0.03547
1946     38     0.02808
1946     39     0.02102
1946     40     0.01527
1946     41     0.00935
1946     42     0.00615
1946     43     0.00353
1946     44     0.00178
1946     45     0.00090
1946     46     0.00036
1946     47     0.00017
1946     48     0.00006
1946     49     0.00003
1946     50     0.00000
1946     51     0.00000
1946     52     0.00001
1946     53     0.00002
1946     54     0.00001
1946     55+    0.00000
1947     12-    0.00000
1947     13     0.00002
1947     14     0.00134
1947     15     0.00240
1947     16     0.00318
1947     17     0.00782
1947     18     0.01621
1947     19     0.02963
1947     20     0.05463
1947     21     0.08917
1947     22     0.12597
1947     23     0.16339
1947     24     0.19592
1947     25     0.20848
1947     26     0.20748
1947     27     0.19381
1947     28     0.17278
1947     29     0.16135
1947     30     0.14262
1947     31     0.11100
1947     32     0.09035
1947     33     0.07357
1947     34     0.06107
1947     35     0.05080
1947     36     0.04188
1947     37     0.03344
1947     38     0.02571
1947     39     0.01930
1947     40     0.01379
1947     41     0.00844
1947     42     0.00535
1947     43     0.00322
1947     44     0.00158
1947     45     0.00078
1947     46     0.00029
1947     47     0.00014
1947     48     0.00005
1947     49     0.00003
1947     50     0.00001
1947     51     0.00001
1947     52     0.00000
1947     53     0.00001
1947     54     0.00002
1947     55+    0.00000
1948     12-    0.00000
1948     13     0.00011
1948     14     0.00087
1948     15     0.00104
1948     16     0.00322
1948     17     0.00804
1948     18     0.01610
1948     19     0.03086
1948     20     0.05745
1948     21     0.09018
1948     22     0.12930
1948     23     0.16970
1948     24     0.19740
1948     25     0.20832
1948     26     0.20224
1948     27     0.18919
1948     28     0.17049
1948     29     0.15426
1948     30     0.13502
1948     31     0.10433
1948     32     0.08515
1948     33     0.07060
1948     34     0.05960
1948     35     0.04930
1948     36     0.04075
1948     37     0.03234
1948     38     0.02443
1948     39     0.01803
1948     40     0.01298
1948     41     0.00819
1948     42     0.00495
1948     43     0.00307
1948     44     0.00153
1948     45     0.00072
1948     46     0.00027
1948     47     0.00013
1948     48     0.00007
1948     49     0.00004
1948     50     0.00002
1948     51     0.00002
1948     52     0.00001
1948     53     0.00001
1948     54     0.00000
1948     55+    0.00001
1949     12-    0.00000
1949     13     0.00005
1949     14     0.00027
1949     15     0.00103
1949     16     0.00342
1949     17     0.00839
1949     18     0.01700
1949     19     0.03293
1949     20     0.05892
1949     21     0.09437
1949     22     0.13599
1949     23     0.17227
1949     24     0.19548
1949     25     0.20228
1949     26     0.19580
1949     27     0.18229
1949     28     0.16196
1949     29     0.14554
1949     30     0.12569
1949     31     0.09684
1949     32     0.08022
1949     33     0.06777
1949     34     0.05687
1949     35     0.04763
1949     36     0.03829
1949     37     0.03019
1949     38     0.02296
1949     39     0.01652
1949     40     0.01174
1949     41     0.00792
1949     42     0.00482
1949     43     0.00286
1949     44     0.00145
1949     45     0.00075
1949     46     0.00029
1949     47     0.00014
1949     48     0.00006
1949     49     0.00004
1949     50     0.00003
1949     51     0.00002
1949     52     0.00002
1949     53     0.00001
1949     54     0.00000
1949     55+    0.00000
1950     12-    0.00000
1950     13     0.00002
1950     14     0.00026
1950     15     0.00115
1950     16     0.00378
1950     17     0.00910
1950     18     0.01816
1950     19     0.03459
1950     20     0.06291
1950     21     0.09979
1950     22     0.13905
1950     23     0.16962
1950     24     0.19076
1950     25     0.19759
1950     26     0.18788
1950     27     0.17065
1950     28     0.15151
1950     29     0.13425
1950     30     0.11838
1950     31     0.09197
1950     32     0.07650
1950     33     0.06402
1950     34     0.05396
1950     35     0.04482
1950     36     0.03630
1950     37     0.02794
1950     38     0.02142
1950     39     0.01564
1950     40     0.01105
1950     41     0.00760
1950     42     0.00456
1950     43     0.00266
1950     44     0.00134
1950     45     0.00071
1950     46     0.00027
1950     47     0.00013
1950     48     0.00010
1950     49     0.00006
1950     50     0.00003
1950     51     0.00002
1950     52     0.00002
1950     53     0.00002
1950     54     0.00001
1950     55+    0.00000
1951     12-    0.00000
1951     13     0.00002
1951     14     0.00031
1951     15     0.00132
1951     16     0.00420
1951     17     0.00976
1951     18     0.01905
1951     19     0.03731
1951     20     0.06626
1951     21     0.10258
1951     22     0.13946
1951     23     0.16974
1951     24     0.19149
1951     25     0.19401
1951     26     0.18116
1951     27     0.16391
1951     28     0.14303
1951     29     0.12671
1951     30     0.11543
1951     31     0.09001
1951     32     0.07517
1951     33     0.06314
1951     34     0.05271
1951     35     0.04357
1951     36     0.03526
1951     37     0.02684
1951     38     0.02055
1951     39     0.01519
1951     40     0.01118
1951     41     0.00717
1951     42     0.00434
1951     43     0.00248
1951     44     0.00125
1951     45     0.00067
1951     46     0.00031
1951     47     0.00018
1951     48     0.00010
1951     49     0.00009
1951     50     0.00006
1951     51     0.00002
1951     52     0.00002
1951     53     0.00002
1951     54     0.00002
1951     55+    0.00001
1952     12-    0.00000
1952     13     0.00003
1952     14     0.00036
1952     15     0.00151
1952     16     0.00456
1952     17     0.01002
1952     18     0.02058
1952     19     0.03936
1952     20     0.06880
1952     21     0.10702
1952     22     0.14114
1952     23     0.17397
1952     24     0.18985
1952     25     0.18651
1952     26     0.17415
1952     27     0.15575
1952     28     0.13616
1952     29     0.12377
1952     30     0.11061
1952     31     0.08795
1952     32     0.07489
1952     33     0.06216
1952     34     0.05155
1952     35     0.04260
1952     36     0.03380
1952     37     0.02663
1952     38     0.02035
1952     39     0.01522
1952     40     0.01089
1952     41     0.00684
1952     42     0.00411
1952     43     0.00243
1952     44     0.00128
1952     45     0.00066
1952     46     0.00031
1952     47     0.00020
1952     48     0.00009
1952     49     0.00010
1952     50     0.00006
1952     51     0.00005
1952     52     0.00002
1952     53     0.00001
1952     54     0.00001
1952     55+    0.00000
1953     12-    0.00000
1953     13     0.00003
1953     14     0.00043
1953     15     0.00165
1953     16     0.00448
1953     17     0.01057
1953     18     0.02170
1953     19     0.04142
1953     20     0.07504
1953     21     0.10955
1953     22     0.14259
1953     23     0.17245
1953     24     0.18152
1953     25     0.17563
1953     26     0.16235
1953     27     0.14620
1953     28     0.12973
1953     29     0.11866
1953     30     0.10527
1953     31     0.08619
1953     32     0.07267
1953     33     0.06061
1953     34     0.05017
1953     35     0.04161
1953     36     0.03311
1953     37     0.02640
1953     38     0.02011
1953     39     0.01548
1953     40     0.01051
1953     41     0.00680
1953     42     0.00413
1953     43     0.00244
1953     44     0.00127
1953     45     0.00064
1953     46     0.00034
1953     47     0.00021
1953     48     0.00013
1953     49     0.00009
1953     50     0.00006
1953     51     0.00006
1953     52     0.00003
1953     53     0.00001
1953     54     0.00002
1953     55+    0.00000
1954     12-    0.00000
1954     13     0.00004
1954     14     0.00047
1954     15     0.00156
1954     16     0.00462
1954     17     0.01138
1954     18     0.02323
1954     19     0.04813
1954     20     0.07903
1954     21     0.11017
1954     22     0.14283
1954     23     0.16489
1954     24     0.16939
1954     25     0.16246
1954     26     0.15082
1954     27     0.13727
1954     28     0.12427
1954     29     0.11345
1954     30     0.10226
1954     31     0.08362
1954     32     0.07089
1954     33     0.05972
1954     34     0.04959
1954     35     0.04158
1954     36     0.03318
1954     37     0.02653
1954     38     0.02016
1954     39     0.01539
1954     40     0.01044
1954     41     0.00668
1954     42     0.00424
1954     43     0.00247
1954     44     0.00137
1954     45     0.00077
1954     46     0.00041
1954     47     0.00022
1954     48     0.00017
1954     49     0.00011
1954     50     0.00009
1954     51     0.00005
1954     52     0.00004
1954     53     0.00002
1954     54     0.00002
1954     55+    0.00001
1955     12-    0.00000
1955     13     0.00004
1955     14     0.00041
1955     15     0.00155
1955     16     0.00508
1955     17     0.01236
1955     18     0.02784
1955     19     0.05477
1955     20     0.08230
1955     21     0.11292
1955     22     0.14029
1955     23     0.15549
1955     24     0.15763
1955     25     0.15162
1955     26     0.14261
1955     27     0.13087
1955     28     0.12041
1955     29     0.11042
1955     30     0.09950
1955     31     0.08243
1955     32     0.07090
1955     33     0.05983
1955     34     0.04987
1955     35     0.04194
1955     36     0.03368
1955     37     0.02648
1955     38     0.02022
1955     39     0.01476
1955     40     0.01052
1955     41     0.00697
1955     42     0.00444
1955     43     0.00265
1955     44     0.00152
1955     45     0.00087
1955     46     0.00042
1955     47     0.00024
1955     48     0.00015
1955     49     0.00010
1955     50     0.00010
1955     51     0.00003
1955     52     0.00004
1955     53     0.00002
1955     54     0.00002
1955     55+    0.00000
1956     12-    0.00000
1956     13     0.00003
1956     14     0.00041
1956     15     0.00176
1956     16     0.00563
1956     17     0.01481
1956     18     0.03340
1956     19     0.05721
1956     20     0.08576
1956     21     0.11135
1956     22     0.13474
1956     23     0.14526
1956     24     0.14685
1956     25     0.14337
1956     26     0.13523
1956     27     0.12590
1956     28     0.11746
1956     29     0.10954
1956     30     0.09953
1956     31     0.08273
1956     32     0.07170
1956     33     0.06059
1956     34     0.05135
1956     35     0.04351
1956     36     0.03497
1956     37     0.02675
1956     38     0.02067
1956     39     0.01466
1956     40     0.01096
1956     41     0.00728
1956     42     0.00474
1956     43     0.00297
1956     44     0.00166
1956     45     0.00094
1956     46     0.00040
1956     47     0.00025
1956     48     0.00014
1956     49     0.00011
1956     50     0.00009
1956     51     0.00005
1956     52     0.00004
1956     53     0.00002
1956     54     0.00004
1956     55+    0.00001
1957     12-    0.00000
1957     13     0.00003
1957     14     0.00048
1957     15     0.00198
1957     16     0.00656
1957     17     0.01835
1957     18     0.03669
1957     19     0.05823
1957     20     0.08465
1957     21     0.10668
1957     22     0.12564
1957     23     0.13379
1957     24     0.13550
1957     25     0.13482
1957     26     0.12896
1957     27     0.12321
1957     28     0.11530
1957     29     0.10868
1957     30     0.09819
1957     31     0.08397
1957     32     0.07313
1957     33     0.06233
1957     34     0.05375
1957     35     0.04491
1957     36     0.03591
1957     37     0.02772
1957     38     0.02144
1957     39     0.01599
1957     40     0.01152
1957     41     0.00776
1957     42     0.00496
1957     43     0.00306
1957     44     0.00181
1957     45     0.00103
1957     46     0.00047
1957     47     0.00026
1957     48     0.00021
1957     49     0.00014
1957     50     0.00013
1957     51     0.00007
1957     52     0.00004
1957     53     0.00002
1957     54     0.00002
1957     55+    0.00000
1958     12-    0.00000
1958     13     0.00004
1958     14     0.00053
1958     15     0.00221
1958     16     0.00833
1958     17     0.02051
1958     18     0.03772
1958     19     0.05893
1958     20     0.08164
1958     21     0.09999
1958     22     0.11377
1958     23     0.12263
1958     24     0.12445
1958     25     0.12531
1958     26     0.12461
1958     27     0.11957
1958     28     0.11329
1958     29     0.10762
1958     30     0.09817
1958     31     0.08556
1958     32     0.07480
1958     33     0.06457
1958     34     0.05473
1958     35     0.04539
1958     36     0.03698
1958     37     0.02886
1958     38     0.02238
1958     39     0.01721
1958     40     0.01218
1958     41     0.00836
1958     42     0.00535
1958     43     0.00315
1958     44     0.00192
1958     45     0.00106
1958     46     0.00054
1958     47     0.00029
1958     48     0.00024
1958     49     0.00016
1958     50     0.00016
1958     51     0.00006
1958     52     0.00004
1958     53     0.00002
1958     54     0.00002
1958     55+    0.00000
1959     12-    0.00000
1959     13     0.00004
1959     14     0.00056
1959     15     0.00287
1959     16     0.00948
1959     17     0.02092
1959     18     0.03821
1959     19     0.05900
1959     20     0.07880
1959     21     0.09153
1959     22     0.10284
1959     23     0.11149
1959     24     0.11524
1959     25     0.11817
1959     26     0.11905
1959     27     0.11586
1959     28     0.11187
1959     29     0.10773
1959     30     0.09957
1959     31     0.08743
1959     32     0.07758
1959     33     0.06707
1959     34     0.05581
1959     35     0.04703
1959     36     0.03878
1959     37     0.03081
1959     38     0.02379
1959     39     0.01861
1959     40     0.01336
1959     41     0.00891
1959     42     0.00595
1959     43     0.00339
1959     44     0.00204
1959     45     0.00110
1959     46     0.00070
1959     47     0.00041
1959     48     0.00028
1959     49     0.00020
1959     50     0.00017
1959     51     0.00005
1959     52     0.00005
1959     53     0.00002
1959     54     0.00002
1959     55+    0.00000
1960     12-    0.00000
1960     13     0.00004
1960     14     0.00063
1960     15     0.00317
1960     16     0.00958
1960     17     0.02129
1960     18     0.03826
1960     19     0.05690
1960     20     0.07264
1960     21     0.08233
1960     22     0.09288
1960     23     0.10068
1960     24     0.10744
1960     25     0.11104
1960     26     0.11304
1960     27     0.11322
1960     28     0.11068
1960     29     0.10783
1960     30     0.10125
1960     31     0.09030
1960     32     0.08025
1960     33     0.06836
1960     34     0.05813
1960     35     0.04946
1960     36     0.04139
1960     37     0.03287
1960     38     0.02588
1960     39     0.02032
1960     40     0.01457
1960     41     0.00977
1960     42     0.00649
1960     43     0.00385
1960     44     0.00225
1960     45     0.00139
1960     46     0.00093
1960     47     0.00053
1960     48     0.00036
1960     49     0.00024
1960     50     0.00019
1960     51     0.00007
1960     52     0.00005
1960     53     0.00002
1960     54     0.00003
1960     55+    0.00000
1961     12-    0.00000
1961     13     0.00012
1961     14     0.00070
1961     15     0.00314
1961     16     0.01000
1961     17     0.02213
1961     18     0.03773
1961     19     0.05215
1961     20     0.06532
1961     21     0.07330
1961     22     0.08360
1961     23     0.09170
1961     24     0.09856
1961     25     0.10433
1961     26     0.10806
1961     27     0.11091
1961     28     0.10951
1961     29     0.10730
1961     30     0.10318
1961     31     0.09231
1961     32     0.08066
1961     33     0.07012
1961     34     0.06102
1961     35     0.05253
1961     36     0.04411
1961     37     0.03518
1961     38     0.02807
1961     39     0.02149
1961     40     0.01547
1961     41     0.01046
1961     42     0.00667
1961     43     0.00403
1961     44     0.00249
1961     45     0.00164
1961     46     0.00095
1961     47     0.00058
1961     48     0.00038
1961     49     0.00026
1961     50     0.00018
1961     51     0.00007
1961     52     0.00003
1961     53     0.00003
1961     54     0.00002
1961     55+    0.00002
1962     12-    0.00007
1962     13     0.00018
1962     14     0.00077
1962     15     0.00346
1962     16     0.01069
1962     17     0.02245
1962     18     0.03479
1962     19     0.04704
1962     20     0.05894
1962     21     0.06665
1962     22     0.07629
1962     23     0.08316
1962     24     0.09071
1962     25     0.09957
1962     26     0.10448
1962     27     0.10805
1962     28     0.10808
1962     29     0.10772
1962     30     0.10403
1962     31     0.09227
1962     32     0.08220
1962     33     0.07338
1962     34     0.06519
1962     35     0.05581
1962     36     0.04701
1962     37     0.03832
1962     38     0.03018
1962     39     0.02272
1962     40     0.01660
1962     41     0.01120
1962     42     0.00709
1962     43     0.00441
1962     44     0.00278
1962     45     0.00168
1962     46     0.00098
1962     47     0.00058
1962     48     0.00032
1962     49     0.00025
1962     50     0.00016
1962     51     0.00007
1962     52     0.00003
1962     53     0.00003
1962     54     0.00002
1962     55+    0.00001
1963     12-    0.00007
1963     13     0.00016
1963     14     0.00079
1963     15     0.00378
1963     16     0.01104
1963     17     0.02085
1963     18     0.03159
1963     19     0.04349
1963     20     0.05404
1963     21     0.06175
1963     22     0.06919
1963     23     0.07641
1963     24     0.08494
1963     25     0.09418
1963     26     0.10066
1963     27     0.10476
1963     28     0.10761
1963     29     0.10809
1963     30     0.10266
1963     31     0.09257
1963     32     0.08476
1963     33     0.07695
1963     34     0.06928
1963     35     0.05953
1963     36     0.05103
1963     37     0.04116
1963     38     0.03230
1963     39     0.02463
1963     40     0.01779
1963     41     0.01194
1963     42     0.00779
1963     43     0.00488
1963     44     0.00311
1963     45     0.00176
1963     46     0.00104
1963     47     0.00056
1963     48     0.00031
1963     49     0.00023
1963     50     0.00015
1963     51     0.00008
1963     52     0.00003
1963     53     0.00002
1963     54     0.00002
1963     55+    0.00001
1964     12-    0.00005
1964     13     0.00019
1964     14     0.00084
1964     15     0.00391
1964     16     0.01054
1964     17     0.01915
1964     18     0.02974
1964     19     0.04075
1964     20     0.05061
1964     21     0.05661
1964     22     0.06356
1964     23     0.07115
1964     24     0.08041
1964     25     0.08918
1964     26     0.09715
1964     27     0.10213
1964     28     0.10582
1964     29     0.10485
1964     30     0.10086
1964     31     0.09428
1964     32     0.08736
1964     33     0.08009
1964     34     0.07268
1964     35     0.06410
1964     36     0.05450
1964     37     0.04349
1964     38     0.03452
1964     39     0.02664
1964     40     0.01876
1964     41     0.01260
1964     42     0.00813
1964     43     0.00505
1964     44     0.00334
1964     45     0.00199
1964     46     0.00108
1964     47     0.00058
1964     48     0.00035
1964     49     0.00026
1964     50     0.00018
1964     51     0.00009
1964     52     0.00004
1964     53     0.00002
1964     54     0.00002
1964     55+    0.00002
1965     12-    0.00005
1965     13     0.00023
1965     14     0.00099
1965     15     0.00370
1965     16     0.00952
1965     17     0.01801
1965     18     0.02776
1965     19     0.03837
1965     20     0.04621
1965     21     0.05182
1965     22     0.05866
1965     23     0.06556
1965     24     0.07464
1965     25     0.08422
1965     26     0.09284
1965     27     0.09739
1965     28     0.09940
1965     29     0.10014
1965     30     0.09957
1965     31     0.09572
1965     32     0.08861
1965     33     0.08247
1965     34     0.07634
1965     35     0.06789
1965     36     0.05670
1965     37     0.04587
1965     38     0.03639
1965     39     0.02776
1965     40     0.01963
1965     41     0.01306
1965     42     0.00883
1965     43     0.00547
1965     44     0.00334
1965     45     0.00194
1965     46     0.00110
1965     47     0.00057
1965     48     0.00040
1965     49     0.00028
1965     50     0.00018
1965     51     0.00011
1965     52     0.00004
1965     53     0.00002
1965     54     0.00002
1965     55+    0.00003
1966     12-    0.00007
1966     13     0.00018
1966     14     0.00083
1966     15     0.00314
1966     16     0.00858
1966     17     0.01714
1966     18     0.02662
1966     19     0.03610
1966     20     0.04256
1966     21     0.04814
1966     22     0.05404
1966     23     0.06084
1966     24     0.06904
1966     25     0.07905
1966     26     0.08710
1966     27     0.09021
1966     28     0.09384
1966     29     0.09783
1966     30     0.10018
1966     31     0.09584
1966     32     0.09082
1966     33     0.08697
1966     34     0.08014
1966     35     0.07112
1966     36     0.05972
1966     37     0.04823
1966     38     0.03785
1966     39     0.02905
1966     40     0.02096
1966     41     0.01427
1966     42     0.00954
1966     43     0.00589
1966     44     0.00340
1966     45     0.00198
1966     46     0.00120
1966     47     0.00062
1966     48     0.00041
1966     49     0.00030
1966     50     0.00022
1966     51     0.00012
1966     52     0.00005
1966     53     0.00003
1966     54     0.00002
1966     55+    0.00002
1967     12-    0.00004
1967     13     0.00021
1967     14     0.00080
1967     15     0.00289
1967     16     0.00827
1967     17     0.01679
1967     18     0.02546
1967     19     0.03451
1967     20     0.04115
1967     21     0.04496
1967     22     0.05031
1967     23     0.05696
1967     24     0.06464
1967     25     0.07323
1967     26     0.07983
1967     27     0.08403
1967     28     0.09054
1967     29     0.09715
1967     30     0.09925
1967     31     0.09658
1967     32     0.09556
1967     33     0.09077
1967     34     0.08241
1967     35     0.07387
1967     36     0.06286
1967     37     0.05006
1967     38     0.03954
1967     39     0.03032
1967     40     0.02218
1967     41     0.01533
1967     42     0.00965
1967     43     0.00600
1967     44     0.00363
1967     45     0.00211
1967     46     0.00127
1967     47     0.00070
1967     48     0.00045
1967     49     0.00034
1967     50     0.00024
1967     51     0.00013
1967     52     0.00005
1967     53     0.00003
1967     54     0.00002
1967     55+    0.00003
1968     12-    0.00006
1968     13     0.00028
1968     14     0.00082
1968     15     0.00290
1968     16     0.00822
1968     17     0.01572
1968     18     0.02403
1968     19     0.03313
1968     20     0.03860
1968     21     0.04173
1968     22     0.04653
1968     23     0.05204
1968     24     0.05922
1968     25     0.06511
1968     26     0.07212
1968     27     0.07907
1968     28     0.08728
1968     29     0.09402
1968     30     0.09815
1968     31     0.10010
1968     32     0.09824
1968     33     0.09248
1968     34     0.08575
1968     35     0.07658
1968     36     0.06470
1968     37     0.05205
1968     38     0.04080
1968     39     0.03189
1968     40     0.02324
1968     41     0.01583
1968     42     0.01017
1968     43     0.00621
1968     44     0.00391
1968     45     0.00226
1968     46     0.00134
1968     47     0.00075
1968     48     0.00052
1968     49     0.00037
1968     50     0.00026
1968     51     0.00014
1968     52     0.00007
1968     53     0.00003
1968     54     0.00003
1968     55+          .
1969     12-    0.00007
1969     13     0.00026
1969     14     0.00085
1969     15     0.00278
1969     16     0.00721
1969     17     0.01412
1969     18     0.02320
1969     19     0.03035
1969     20     0.03425
1969     21     0.03759
1969     22     0.04201
1969     23     0.04671
1969     24     0.05215
1969     25     0.05763
1969     26     0.06612
1969     27     0.07451
1969     28     0.08282
1969     29     0.09168
1969     30     0.09988
1969     31     0.10140
1969     32     0.09951
1969     33     0.09506
1969     34     0.08982
1969     35     0.07942
1969     36     0.06722
1969     37     0.05405
1969     38     0.04311
1969     39     0.03405
1969     40     0.02455
1969     41     0.01668
1969     42     0.01122
1969     43     0.00668
1969     44     0.00417
1969     45     0.00258
1969     46     0.00140
1969     47     0.00092
1969     48     0.00055
1969     49     0.00037
1969     50     0.00024
1969     51     0.00014
1969     52     0.00008
1969     53     0.00003
1969     54           .
1969     55+          .
1970     12-    0.00002
1970     13     0.00013
1970     14     0.00061
1970     15     0.00234
1970     16     0.00637
1970     17     0.01341
1970     18     0.02083
1970     19     0.02652
1970     20     0.03018
1970     21     0.03358
1970     22     0.03691
1970     23     0.04058
1970     24     0.04545
1970     25     0.05197
1970     26     0.06110
1970     27     0.06980
1970     28     0.07966
1970     29     0.09251
1970     30     0.10023
1970     31     0.10150
1970     32     0.10189
1970     33     0.09760
1970     34     0.09206
1970     35     0.08250
1970     36     0.07069
1970     37     0.05795
1970     38     0.04636
1970     39     0.03633
1970     40     0.02678
1970     41     0.01829
1970     42     0.01227
1970     43     0.00759
1970     44     0.00470
1970     45     0.00295
1970     46     0.00169
1970     47     0.00116
1970     48     0.00063
1970     49     0.00038
1970     50     0.00025
1970     51     0.00015
1970     52     0.00008
1970     53           .
1970     54           .
1970     55+          .
1971     12-    0.00001
1971     13     0.00009
1971     14     0.00045
1971     15     0.00203
1971     16     0.00607
1971     17     0.01229
1971     18     0.01809
1971     19     0.02354
1971     20     0.02681
1971     21     0.02966
1971     22     0.03141
1971     23     0.03480
1971     24     0.03992
1971     25     0.04709
1971     26     0.05590
1971     27     0.06615
1971     28     0.07924
1971     29     0.09174
1971     30     0.09932
1971     31     0.10284
1971     32     0.10342
1971     33     0.09891
1971     34     0.09334
1971     35     0.08454
1971     36     0.07364
1971     37     0.06076
1971     38     0.04778
1971     39     0.03771
1971     40     0.02806
1971     41     0.01930
1971     42     0.01289
1971     43     0.00825
1971     44     0.00526
1971     45     0.00324
1971     46     0.00190
1971     47     0.00113
1971     48     0.00066
1971     49     0.00042
1971     50     0.00031
1971     51     0.00014
1971     52           .
1971     53           .
1971     54           .
1971     55+          .
1972     12-    0.00000
1972     13     0.00007
1972     14     0.00042
1972     15     0.00203
1972     16     0.00570
1972     17     0.01091
1972     18     0.01659
1972     19     0.02132
1972     20     0.02363
1972     21     0.02546
1972     22     0.02712
1972     23     0.03071
1972     24     0.03629
1972     25     0.04367
1972     26     0.05274
1972     27     0.06536
1972     28     0.07824
1972     29     0.08907
1972     30     0.09922
1972     31     0.10364
1972     32     0.10416
1972     33     0.10025
1972     34     0.09369
1972     35     0.08621
1972     36     0.07396
1972     37     0.06056
1972     38     0.04858
1972     39     0.03792
1972     40     0.02847
1972     41     0.01962
1972     42     0.01317
1972     43     0.00819
1972     44     0.00524
1972     45     0.00322
1972     46     0.00191
1972     47     0.00106
1972     48     0.00068
1972     49     0.00051
1972     50     0.00034
1972     51           .
1972     52           .
1972     53           .
1972     54           .
1972     55+          .
1973     12-    0.00001
1973     13     0.00006
1973     14     0.00042
1973     15     0.00187
1973     16     0.00522
1973     17     0.01006
1973     18     0.01502
1973     19     0.01939
1973     20     0.02085
1973     21     0.02215
1973     22     0.02441
1973     23     0.02851
1973     24     0.03394
1973     25     0.04171
1973     26     0.05208
1973     27     0.06459
1973     28     0.07667
1973     29     0.08881
1973     30     0.09913
1973     31     0.10355
1973     32     0.10430
1973     33     0.09970
1973     34     0.09503
1973     35     0.08641
1973     36     0.07405
1973     37     0.06177
1973     38     0.04974
1973     39     0.03794
1973     40     0.02902
1973     41     0.02055
1973     42     0.01368
1973     43     0.00861
1973     44     0.00527
1973     45     0.00331
1973     46     0.00183
1973     47     0.00105
1973     48     0.00076
1973     49     0.00051
1973     50           .
1973     51           .
1973     52           .
1973     53           .
1973     54           .
1973     55+          .
1974     12-    0.00000
1974     13     0.00006
1974     14     0.00041
1974     15     0.00169
1974     16     0.00476
1974     17     0.00937
1974     18     0.01349
1974     19     0.01702
1974     20     0.01843
1974     21     0.01984
1974     22     0.02250
1974     23     0.02677
1974     24     0.03243
1974     25     0.04103
1974     26     0.05112
1974     27     0.06293
1974     28     0.07596
1974     29     0.08737
1974     30     0.09746
1974     31     0.10279
1974     32     0.10242
1974     33     0.10011
1974     34     0.09530
1974     35     0.08535
1974     36     0.07564
1974     37     0.06289
1974     38     0.04995
1974     39     0.03896
1974     40     0.03026
1974     41     0.02147
1974     42     0.01408
1974     43     0.00906
1974     44     0.00554
1974     45     0.00332
1974     46     0.00195
1974     47     0.00119
1974     48     0.00077
1974     49           .
1974     50           .
1974     51           .
1974     52           .
1974     53           .
1974     54           .
1974     55+          .
1975     12-    0.00001
1975     13     0.00008
1975     14     0.00037
1975     15     0.00163
1975     16     0.00433
1975     17     0.00833
1975     18     0.01212
1975     19     0.01482
1975     20     0.01675
1975     21     0.01889
1975     22     0.02135
1975     23     0.02583
1975     24     0.03207
1975     25     0.04086
1975     26     0.05027
1975     27     0.06246
1975     28     0.07497
1975     29     0.08512
1975     30     0.09586
1975     31     0.10033
1975     32     0.10205
1975     33     0.09939
1975     34     0.09377
1975     35     0.08636
1975     36     0.07536
1975     37     0.06175
1975     38     0.05060
1975     39     0.04101
1975     40     0.03134
1975     41     0.02178
1975     42     0.01437
1975     43     0.00899
1975     44     0.00544
1975     45     0.00328
1975     46     0.00220
1975     47     0.00127
1975     48           .
1975     49           .
1975     50           .
1975     51           .
1975     52           .
1975     53           .
1975     54           .
1975     55+          .
1976     12-    0.00001
1976     13     0.00009
1976     14     0.00037
1976     15     0.00163
1976     16     0.00399
1976     17     0.00732
1976     18     0.01082
1976     19     0.01352
1976     20     0.01628
1976     21     0.01841
1976     22     0.02137
1976     23     0.02614
1976     24     0.03258
1976     25     0.04123
1976     26     0.05033
1976     27     0.06189
1976     28     0.07293
1976     29     0.08454
1976     30     0.09442
1976     31     0.09993
1976     32     0.10030
1976     33     0.09687
1976     34     0.09388
1976     35     0.08675
1976     36     0.07402
1976     37     0.06243
1976     38     0.05282
1976     39     0.04289
1976     40     0.03253
1976     41     0.02212
1976     42     0.01459
1976     43     0.00876
1976     44     0.00543
1976     45     0.00353
1976     46     0.00219
1976     47           .
1976     48           .
1976     49           .
1976     50           .
1976     51           .
1976     52           .
1976     53           .
1976     54           .
1976     55+          .
1977     12-    0.00002
1977     13     0.00010
1977     14     0.00037
1977     15     0.00145
1977     16     0.00373
1977     17     0.00698
1977     18     0.01013
1977     19     0.01347
1977     20     0.01615
1977     21     0.01850
1977     22     0.02273
1977     23     0.02734
1977     24     0.03369
1977     25     0.04209
1977     26     0.05056
1977     27     0.06120
1977     28     0.07247
1977     29     0.08365
1977     30     0.09446
1977     31     0.09862
1977     32     0.09794
1977     33     0.09666
1977     34     0.09296
1977     35     0.08474
1977     36     0.07472
1977     37     0.06491
1977     38     0.05434
1977     39     0.04340
1977     40     0.03297
1977     41     0.02238
1977     42     0.01459
1977     43     0.00907
1977     44     0.00575
1977     45     0.00356
1977     46           .
1977     47           .
1977     48           .
1977     49           .
1977     50           .
1977     51           .
1977     52           .
1977     53           .
1977     54           .
1977     55+          .
1978     12-    0.00001
1978     13     0.00008
1978     14     0.00035
1978     15     0.00136
1978     16     0.00360
1978     17     0.00686
1978     18     0.01024
1978     19     0.01388
1978     20     0.01659
1978     21     0.02011
1978     22     0.02440
1978     23     0.02890
1978     24     0.03497
1978     25     0.04303
1978     26     0.05090
1978     27     0.06109
1978     28     0.07234
1978     29     0.08335
1978     30     0.09215
1978     31     0.09504
1978     32     0.09755
1978     33     0.09553
1978     34     0.09002
1978     35     0.08430
1978     36     0.07744
1978     37     0.06649
1978     38     0.05507
1978     39     0.04281
1978     40     0.03265
1978     41     0.02220
1978     42     0.01467
1978     43     0.00933
1978     44     0.00567
1978     45           .
1978     46           .
1978     47           .
1978     48           .
1978     49           .
1978     50           .
1978     51           .
1978     52           .
1978     53           .
1978     54           .
1978     55+          .
1979     12-    0.00003
1979     13     0.00007
1979     14     0.00033
1979     15     0.00139
1979     16     0.00355
1979     17     0.00693
1979     18     0.01060
1979     19     0.01464
1979     20     0.01800
1979     21     0.02180
1979     22     0.02615
1979     23     0.03064
1979     24     0.03658
1979     25     0.04364
1979     26     0.05218
1979     27     0.06131
1979     28     0.07317
1979     29     0.08262
1979     30     0.08900
1979     31     0.09403
1979     32     0.09631
1979     33     0.09294
1979     34     0.09047
1979     35     0.08725
1979     36     0.07919
1979     37     0.06721
1979     38     0.05506
1979     39     0.04271
1979     40     0.03232
1979     41     0.02268
1979     42     0.01521
1979     43     0.00931
1979     44           .
1979     45           .
1979     46           .
1979     47           .
1979     48           .
1979     49           .
1979     50           .
1979     51           .
1979     52           .
1979     53           .
1979     54           .
1979     55+          .
1980     12-    0.00001
1980     13     0.00006
1980     14     0.00031
1980     15     0.00128
1980     16     0.00344
1980     17     0.00692
1980     18     0.01112
1980     19     0.01574
1980     20     0.01962
1980     21     0.02330
1980     22     0.02744
1980     23     0.03174
1980     24     0.03724
1980     25     0.04448
1980     26     0.05347
1980     27     0.06336
1980     28     0.07291
1980     29     0.07993
1980     30     0.08737
1980     31     0.09276
1980     32     0.09418
1980     33     0.09360
1980     34     0.09388
1980     35     0.08897
1980     36     0.07945
1980     37     0.06660
1980     38     0.05480
1980     39     0.04322
1980     40     0.03332
1980     41     0.02369
1980     42     0.01557
1980     43           .
1980     44           .
1980     45           .
1980     46           .
1980     47           .
1980     48           .
1980     49           .
1980     50           .
1980     51           .
1980     52           .
1980     53           .
1980     54           .
1980     55+          .
1981     12-    0.00000
1981     13     0.00006
1981     14     0.00033
1981     15     0.00129
1981     16     0.00345
1981     17     0.00713
1981     18     0.01171
1981     19     0.01683
1981     20     0.02124
1981     21     0.02453
1981     22     0.02843
1981     23     0.03260
1981     24     0.03811
1981     25     0.04600
1981     26     0.05571
1981     27     0.06278
1981     28     0.06997
1981     29     0.07838
1981     30     0.08512
1981     31     0.08969
1981     32     0.09357
1981     33     0.09634
1981     34     0.09509
1981     35     0.08910
1981     36     0.07837
1981     37     0.06602
1981     38     0.05409
1981     39     0.04352
1981     40     0.03420
1981     41     0.02351
1981     42           .
1981     43           .
1981     44           .
1981     45           .
1981     46           .
1981     47           .
1981     48           .
1981     49           .
1981     50           .
1981     51           .
1981     52           .
1981     53           .
1981     54           .
1981     55+          .
1982     12-    0.00000
1982     13     0.00005
1982     14     0.00029
1982     15     0.00135
1982     16     0.00364
1982     17     0.00752
1982     18     0.01272
1982     19     0.01795
1982     20     0.02218
1982     21     0.02608
1982     22     0.02948
1982     23     0.03375
1982     24     0.03992
1982     25     0.04842
1982     26     0.05485
1982     27     0.05978
1982     28     0.06803
1982     29     0.07628
1982     30     0.08266
1982     31     0.08926
1982     32     0.09541
1982     33     0.09708
1982     34     0.09379
1982     35     0.08687
1982     36     0.07671
1982     37     0.06492
1982     38     0.05397
1982     39     0.04429
1982     40     0.03398
1982     41           .
1982     42           .
1982     43           .
1982     44           .
1982     45           .
1982     46           .
1982     47           .
1982     48           .
1982     49           .
1982     50           .
1982     51           .
1982     52           .
1982     53           .
1982     54           .
1982     55+          .
1983     12-    0.00000
1983     13     0.00004
1983     14     0.00031
1983     15     0.00153
1983     16     0.00406
1983     17     0.00815
1983     18     0.01347
1983     19     0.01886
1983     20     0.02333
1983     21     0.02692
1983     22     0.03053
1983     23     0.03561
1983     24     0.04281
1983     25     0.04828
1983     26     0.05149
1983     27     0.05780
1983     28     0.06546
1983     29     0.07309
1983     30     0.08329
1983     31     0.09133
1983     32     0.09557
1983     33     0.09569
1983     34     0.09073
1983     35     0.08448
1983     36     0.07455
1983     37     0.06454
1983     38     0.05484
1983     39     0.04380
1983     40           .
1983     41           .
1983     42           .
1983     43           .
1983     44           .
1983     45           .
1983     46           .
1983     47           .
1983     48           .
1983     49           .
1983     50           .
1983     51           .
1983     52           .
1983     53           .
1983     54           .
1983     55+          .
1984     12-    0.00000
1984     13     0.00006
1984     14     0.00033
1984     15     0.00168
1984     16     0.00448
1984     17     0.00865
1984     18     0.01428
1984     19     0.01996
1984     20     0.02421
1984     21     0.02797
1984     22     0.03284
1984     23     0.03865
1984     24     0.04306
1984     25     0.04629
1984     26     0.05010
1984     27     0.05607
1984     28     0.06345
1984     29     0.07323
1984     30     0.08521
1984     31     0.09164
1984     32     0.09408
1984     33     0.09311
1984     34     0.08860
1984     35     0.08185
1984     36     0.07501
1984     37     0.06520
1984     38     0.05328
1984     39           .
1984     40           .
1984     41           .
1984     42           .
1984     43           .
1984     44           .
1984     45           .
1984     46           .
1984     47           .
1984     48           .
1984     49           .
1984     50           .
1984     51           .
1984     52           .
1984     53           .
1984     54           .
1984     55+          .
1985     12-    0.00000
1985     13     0.00004
1985     14     0.00033
1985     15     0.00182
1985     16     0.00490
1985     17     0.00915
1985     18     0.01495
1985     19     0.02073
1985     20     0.02574
1985     21     0.03035
1985     22     0.03582
1985     23     0.03862
1985     24     0.04100
1985     25     0.04450
1985     26     0.04903
1985     27     0.05483
1985     28     0.06394
1985     29     0.07462
1985     30     0.08483
1985     31     0.09040
1985     32     0.09059
1985     33     0.08964
1985     34     0.08559
1985     35     0.08135
1985     36     0.07591
1985     37     0.06362
1985     38           .
1985     39           .
1985     40           .
1985     41           .
1985     42           .
1985     43           .
1985     44           .
1985     45           .
1985     46           .
1985     47           .
1985     48           .
1985     49           .
1985     50           .
1985     51           .
1985     52           .
1985     53           .
1985     54           .
1985     55+          .
1986     12-    0.00002
1986     13     0.00010
1986     14     0.00046
1986     15     0.00188
1986     16     0.00500
1986     17     0.00952
1986     18     0.01562
1986     19     0.02197
1986     20     0.02775
1986     21     0.03298
1986     22     0.03609
1986     23     0.03719
1986     24     0.03974
1986     25     0.04272
1986     26     0.04767
1986     27     0.05509
1986     28     0.06521
1986     29     0.07462
1986     30     0.08322
1986     31     0.08683
1986     32     0.08677
1986     33     0.08628
1986     34     0.08618
1986     35     0.08251
1986     36     0.07285
1986     37           .
1986     38           .
1986     39           .
1986     40           .
1986     41           .
1986     42           .
1986     43           .
1986     44           .
1986     45           .
1986     46           .
1986     47           .
1986     48           .
1986     49           .
1986     50           .
1986     51           .
1986     52           .
1986     53           .
1986     54           .
1986     55+          .
1987     12-    0.00000
1987     13     0.00004
1987     14     0.00043
1987     15     0.00198
1987     16     0.00516
1987     17     0.01008
1987     18     0.01664
1987     19     0.02360
1987     20     0.03003
1987     21     0.03314
1987     22     0.03396
1987     23     0.03562
1987     24     0.03745
1987     25     0.04161
1987     26     0.04729
1987     27     0.05623
1987     28     0.06469
1987     29     0.07312
1987     30     0.07923
1987     31     0.08324
1987     32     0.08392
1987     33     0.08601
1987     34     0.08629
1987     35     0.08035
1987     36           .
1987     37           .
1987     38           .
1987     39           .
1987     40           .
1987     41           .
1987     42           .
1987     43           .
1987     44           .
1987     45           .
1987     46           .
1987     47           .
1987     48           .
1987     49           .
1987     50           .
1987     51           .
1987     52           .
1987     53           .
1987     54           .
1987     55+          .
1988     12-    0.00002
1988     13     0.00009
1988     14     0.00057
1988     15     0.00203
1988     16     0.00530
1988     17     0.01059
1988     18     0.01738
1988     19     0.02534
1988     20     0.02983
1988     21     0.03072
1988     22     0.03146
1988     23     0.03332
1988     24     0.03543
1988     25     0.04130
1988     26     0.04768
1988     27     0.05549
1988     28     0.06318
1988     29     0.06942
1988     30     0.07558
1988     31     0.08000
1988     32     0.08307
1988     33     0.08495
1988     34     0.08190
1988     35           .
1988     36           .
1988     37           .
1988     38           .
1988     39           .
1988     40           .
1988     41           .
1988     42           .
1988     43           .
1988     44           .
1988     45           .
1988     46           .
1988     47           .
1988     48           .
1988     49           .
1988     50           .
1988     51           .
1988     52           .
1988     53           .
1988     54           .
1988     55+          .
1989     12-    0.00001
1989     13     0.00014
1989     14     0.00066
1989     15     0.00211
1989     16     0.00574
1989     17     0.01153
1989     18     0.01852
1989     19     0.02472
1989     20     0.02780
1989     21     0.02820
1989     22     0.02957
1989     23     0.03169
1989     24     0.03494
1989     25     0.04120
1989     26     0.04771
1989     27     0.05400
1989     28     0.06070
1989     29     0.06612
1989     30     0.07228
1989     31     0.07820
1989     32     0.08228
1989     33     0.08196
1989     34           .
1989     35           .
1989     36           .
1989     37           .
1989     38           .
1989     39           .
1989     40           .
1989     41           .
1989     42           .
1989     43           .
1989     44           .
1989     45           .
1989     46           .
1989     47           .
1989     48           .
1989     49           .
1989     50           .
1989     51           .
1989     52           .
1989     53           .
1989     54           .
1989     55+          .
1990     12-    0.00000
1990     13     0.00006
1990     14     0.00054
1990     15     0.00215
1990     16     0.00598
1990     17     0.01169
1990     18     0.01766
1990     19     0.02195
1990     20     0.02507
1990     21     0.02608
1990     22     0.02787
1990     23     0.03024
1990     24     0.03508
1990     25     0.04059
1990     26     0.04677
1990     27     0.05191
1990     28     0.05805
1990     29     0.06384
1990     30     0.07090
1990     31     0.07682
1990     32     0.07997
1990     33           .
1990     34           .
1990     35           .
1990     36           .
1990     37           .
1990     38           .
1990     39           .
1990     40           .
1990     41           .
1990     42           .
1990     43           .
1990     44           .
1990     45           .
1990     46           .
1990     47           .
1990     48           .
1990     49           .
1990     50           .
1990     51           .
1990     52           .
1990     53           .
1990     54           .
1990     55+          .
1991     12-    0.00000
1991     13     0.00015
1991     14     0.00067
1991     15     0.00233
1991     16     0.00606
1991     17     0.01073
1991     18     0.01594
1991     19     0.01945
1991     20     0.02240
1991     21     0.02408
1991     22     0.02599
1991     23     0.02933
1991     24     0.03407
1991     25     0.03901
1991     26     0.04390
1991     27     0.04907
1991     28     0.05496
1991     29     0.06232
1991     30     0.06975
1991     31     0.07346
1991     32           .
1991     33           .
1991     34           .
1991     35           .
1991     36           .
1991     37           .
1991     38           .
1991     39           .
1991     40           .
1991     41           .
1991     42           .
1991     43           .
1991     44           .
1991     45           .
1991     46           .
1991     47           .
1991     48           .
1991     49           .
1991     50           .
1991     51           .
1991     52           .
1991     53           .
1991     54           .
1991     55+          .
1992     12-    0.00000
1992     13     0.00009
1992     14     0.00063
1992     15     0.00241
1992     16     0.00576
1992     17     0.00960
1992     18     0.01412
1992     19     0.01772
1992     20     0.02062
1992     21     0.02227
1992     22     0.02515
1992     23     0.02880
1992     24     0.03298
1992     25     0.03710
1992     26     0.04170
1992     27     0.04697
1992     28     0.05240
1992     29     0.05999
1992     30     0.06668
1992     31           .
1992     32           .
1992     33           .
1992     34           .
1992     35           .
1992     36           .
1992     37           .
1992     38           .
1992     39           .
1992     40           .
1992     41           .
1992     42           .
1992     43           .
1992     44           .
1992     45           .
1992     46           .
1992     47           .
1992     48           .
1992     49           .
1992     50           .
1992     51           .
1992     52           .
1992     53           .
1992     54           .
1992     55+          .
1993     12-    0.00000
1993     13     0.00010
1993     14     0.00070
1993     15     0.00233
1993     16     0.00512
1993     17     0.00866
1993     18     0.01281
1993     19     0.01679
1993     20     0.01967
1993     21     0.02180
1993     22     0.02456
1993     23     0.02837
1993     24     0.03178
1993     25     0.03610
1993     26     0.04040
1993     27     0.04498
1993     28     0.05058
1993     29     0.05730
1993     30           .
1993     31           .
1993     32           .
1993     33           .
1993     34           .
1993     35           .
1993     36           .
1993     37           .
1993     38           .
1993     39           .
1993     40           .
1993     41           .
1993     42           .
1993     43           .
1993     44           .
1993     45           .
1993     46           .
1993     47           .
1993     48           .
1993     49           .
1993     50           .
1993     51           .
1993     52           .
1993     53           .
1993     54           .
1993     55+          .
1994     12-    0.00001
1994     13     0.00009
1994     14     0.00062
1994     15     0.00199
1994     16     0.00461
1994     17     0.00825
1994     18     0.01207
1994     19     0.01632
1994     20     0.01942
1994     21     0.02179
1994     22     0.02463
1994     23     0.02789
1994     24     0.03149
1994     25     0.03538
1994     26     0.03831
1994     27     0.04368
1994     28     0.04975
1994     29           .
1994     30           .
1994     31           .
1994     32           .
1994     33           .
1994     34           .
1994     35           .
1994     36           .
1994     37           .
1994     38           .
1994     39           .
1994     40           .
1994     41           .
1994     42           .
1994     43           .
1994     44           .
1994     45           .
1994     46           .
1994     47           .
1994     48           .
1994     49           .
1994     50           .
1994     51           .
1994     52           .
1994     53           .
1994     54           .
1994     55+          .
1995     12-    0.00001
1995     13     0.00007
1995     14     0.00056
1995     15     0.00199
1995     16     0.00445
1995     17     0.00788
1995     18     0.01141
1995     19     0.01584
1995     20     0.01905
1995     21     0.02180
1995     22     0.02450
1995     23     0.02752
1995     24     0.03091
1995     25     0.03378
1995     26     0.03753
1995     27     0.04331
1995     28           .
1995     29           .
1995     30           .
1995     31           .
1995     32           .
1995     33           .
1995     34           .
1995     35           .
1995     36           .
1995     37           .
1995     38           .
1995     39           .
1995     40           .
1995     41           .
1995     42           .
1995     43           .
1995     44           .
1995     45           .
1995     46           .
1995     47           .
1995     48           .
1995     49           .
1995     50           .
1995     51           .
1995     52           .
1995     53           .
1995     54           .
1995     55+          .
1996     12-    0.00001
1996     13     0.00005
1996     14     0.00051
1996     15     0.00185
1996     16     0.00418
1996     17     0.00734
1996     18     0.01082
1996     19     0.01505
1996     20     0.01818
1996     21     0.02098
1996     22     0.02360
1996     23     0.02599
1996     24     0.02822
1996     25     0.03219
1996     26     0.03705
1996     27           .
1996     28           .
1996     29           .
1996     30           .
1996     31           .
1996     32           .
1996     33           .
1996     34           .
1996     35           .
1996     36           .
1996     37           .
1996     38           .
1996     39           .
1996     40           .
1996     41           .
1996     42           .
1996     43           .
1996     44           .
1996     45           .
1996     46           .
1996     47           .
1996     48           .
1996     49           .
1996     50           .
1996     51           .
1996     52           .
1996     53           .
1996     54           .
1996     55+          .
1997     12-    0.00001
1997     13     0.00010
1997     14     0.00061
1997     15     0.00187
1997     16     0.00419
1997     17     0.00721
1997     18     0.01055
1997     19     0.01463
1997     20     0.01751
1997     21     0.02062
1997     22     0.02319
1997     23     0.02436
1997     24     0.02684
1997     25     0.03168
1997     26           .
1997     27           .
1997     28           .
1997     29           .
1997     30           .
1997     31           .
1997     32           .
1997     33           .
1997     34           .
1997     35           .
1997     36           .
1997     37           .
1997     38           .
1997     39           .
1997     40           .
1997     41           .
1997     42           .
1997     43           .
1997     44           .
1997     45           .
1997     46           .
1997     47           .
1997     48           .
1997     49           .
1997     50           .
1997     51           .
1997     52           .
1997     53           .
1997     54           .
1997     55+          .
1998     12-    0.00003
1998     13     0.00010
1998     14     0.00055
1998     15     0.00184
1998     16     0.00402
1998     17     0.00691
1998     18     0.01023
1998     19     0.01384
1998     20     0.01711
1998     21     0.02015
1998     22     0.02184
1998     23     0.02392
1998     24     0.02739
1998     25           .
1998     26           .
1998     27           .
1998     28           .
1998     29           .
1998     30           .
1998     31           .
1998     32           .
1998     33           .
1998     34           .
1998     35           .
1998     36           .
1998     37           .
1998     38           .
1998     39           .
1998     40           .
1998     41           .
1998     42           .
1998     43           .
1998     44           .
1998     45           .
1998     46           .
1998     47           .
1998     48           .
1998     49           .
1998     50           .
1998     51           .
1998     52           .
1998     53           .
1998     54           .
1998     55+          .
1999     12-    0.00002
1999     13     0.00010
1999     14     0.00058
1999     15     0.00183
1999     16     0.00383
1999     17     0.00656
1999     18     0.00965
1999     19     0.01333
1999     20     0.01665
1999     21     0.01846
1999     22     0.02053
1999     23     0.02413
1999     24           .
1999     25           .
1999     26           .
1999     27           .
1999     28           .
1999     29           .
1999     30           .
1999     31           .
1999     32           .
1999     33           .
1999     34           .
1999     35           .
1999     36           .
1999     37           .
1999     38           .
1999     39           .
1999     40           .
1999     41           .
1999     42           .
1999     43           .
1999     44           .
1999     45           .
1999     46           .
1999     47           .
1999     48           .
1999     49           .
1999     50           .
1999     51           .
1999     52           .
1999     53           .
1999     54           .
1999     55+          .
2000     12-    0.00000
2000     13     0.00006
2000     14     0.00046
2000     15     0.00164
2000     16     0.00361
2000     17     0.00582
2000     18     0.00875
2000     19     0.01270
2000     20     0.01495
2000     21     0.01731
2000     22     0.02023
2000     23           .
2000     24           .
2000     25           .
2000     26           .
2000     27           .
2000     28           .
2000     29           .
2000     30           .
2000     31           .
2000     32           .
2000     33           .
2000     34           .
2000     35           .
2000     36           .
2000     37           .
2000     38           .
2000     39           .
2000     40           .
2000     41           .
2000     42           .
2000     43           .
2000     44           .
2000     45           .
2000     46           .
2000     47           .
2000     48           .
2000     49           .
2000     50           .
2000     51           .
2000     52           .
2000     53           .
2000     54           .
2000     55+          .
2001     12-    0.00001
2001     13     0.00006
2001     14     0.00044
2001     15     0.00141
2001     16     0.00303
2001     17     0.00506
2001     18     0.00787
2001     19     0.01114
2001     20     0.01365
2001     21     0.01677
2001     22           .
2001     23           .
2001     24           .
2001     25           .
2001     26           .
2001     27           .
2001     28           .
2001     29           .
2001     30           .
2001     31           .
2001     32           .
2001     33           .
2001     34           .
2001     35           .
2001     36           .
2001     37           .
2001     38           .
2001     39           .
2001     40           .
2001     41           .
2001     42           .
2001     43           .
2001     44           .
2001     45           .
2001     46           .
2001     47           .
2001     48           .
2001     49           .
2001     50           .
2001     51           .
2001     52           .
2001     53           .
2001     54           .
2001     55+          .
2002     12-    0.00001
2002     13     0.00004
2002     14     0.00043
2002     15     0.00131
2002     16     0.00266
2002     17     0.00458
2002     18     0.00690
2002     19     0.01041
2002     20     0.01333
2002     21           .
2002     22           .
2002     23           .
2002     24           .
2002     25           .
2002     26           .
2002     27           .
2002     28           .
2002     29           .
2002     30           .
2002     31           .
2002     32           .
2002     33           .
2002     34           .
2002     35           .
2002     36           .
2002     37           .
2002     38           .
2002     39           .
2002     40           .
2002     41           .
2002     42           .
2002     43           .
2002     44           .
2002     45           .
2002     46           .
2002     47           .
2002     48           .
2002     49           .
2002     50           .
2002     51           .
2002     52           .
2002     53           .
2002     54           .
2002     55+          .
2003     12-    0.00001
2003     13     0.00005
2003     14     0.00033
2003     15     0.00111
2003     16     0.00242
2003     17     0.00402
2003     18     0.00635
2003     19     0.01016
2003     20           .
2003     21           .
2003     22           .
2003     23           .
2003     24           .
2003     25           .
2003     26           .
2003     27           .
2003     28           .
2003     29           .
2003     30           .
2003     31           .
2003     32           .
2003     33           .
2003     34           .
2003     35           .
2003     36           .
2003     37           .
2003     38           .
2003     39           .
2003     40           .
2003     41           .
2003     42           .
2003     43           .
2003     44           .
2003     45           .
2003     46           .
2003     47           .
2003     48           .
2003     49           .
2003     50           .
2003     51           .
2003     52           .
2003     53           .
2003     54           .
2003     55+          .
2004     12-    0.00001
2004     13     0.00005
2004     14     0.00028
2004     15     0.00100
2004     16     0.00216
2004     17     0.00379
2004     18     0.00619
2004     19           .
2004     20           .
2004     21           .
2004     22           .
2004     23           .
2004     24           .
2004     25           .
2004     26           .
2004     27           .
2004     28           .
2004     29           .
2004     30           .
2004     31           .
2004     32           .
2004     33           .
2004     34           .
2004     35           .
2004     36           .
2004     37           .
2004     38           .
2004     39           .
2004     40           .
2004     41           .
2004     42           .
2004     43           .
2004     44           .
2004     45           .
2004     46           .
2004     47           .
2004     48           .
2004     49           .
2004     50           .
2004     51           .
2004     52           .
2004     53           .
2004     54           .
2004     55+          .
2005     12-    0.00001
2005     13     0.00005
2005     14     0.00025
2005     15     0.00083
2005     16     0.00201
2005     17     0.00350
2005     18           .
2005     19           .
2005     20           .
2005     21           .
2005     22           .
2005     23           .
2005     24           .
2005     25           .
2005     26           .
2005     27           .
2005     28           .
2005     29           .
2005     30           .
2005     31           .
2005     32           .
2005     33           .
2005     34           .
2005     35           .
2005     36           .
2005     37           .
2005     38           .
2005     39           .
2005     40           .
2005     41           .
2005     42           .
2005     43           .
2005     44           .
2005     45           .
2005     46           .
2005     47           .
2005     48           .
2005     49           .
2005     50           .
2005     51           .
2005     52           .
2005     53           .
2005     54           .
2005     55+          .
2006     12-    0.00000
2006     13     0.00003
2006     14     0.00021
2006     15     0.00078
2006     16     0.00184
2006     17           .
2006     18           .
2006     19           .
2006     20           .
2006     21           .
2006     22           .
2006     23           .
2006     24           .
2006     25           .
2006     26           .
2006     27           .
2006     28           .
2006     29           .
2006     30           .
2006     31           .
2006     32           .
2006     33           .
2006     34           .
2006     35           .
2006     36           .
2006     37           .
2006     38           .
2006     39           .
2006     40           .
2006     41           .
2006     42           .
2006     43           .
2006     44           .
2006     45           .
2006     46           .
2006     47           .
2006     48           .
2006     49           .
2006     50           .
2006     51           .
2006     52           .
2006     53           .
2006     54           .
2006     55+          .
2007     12-    0.00001
2007     13     0.00005
2007     14     0.00025
2007     15     0.00077
2007     16           .
2007     17           .
2007     18           .
2007     19           .
2007     20           .
2007     21           .
2007     22           .
2007     23           .
2007     24           .
2007     25           .
2007     26           .
2007     27           .
2007     28           .
2007     29           .
2007     30           .
2007     31           .
2007     32           .
2007     33           .
2007     34           .
2007     35           .
2007     36           .
2007     37           .
2007     38           .
2007     39           .
2007     40           .
2007     41           .
2007     42           .
2007     43           .
2007     44           .
2007     45           .
2007     46           .
2007     47           .
2007     48           .
2007     49           .
2007     50           .
2007     51           .
2007     52           .
2007     53           .
2007     54           .
2007     55+          .
2008     12-    0.00000
2008     13     0.00003
2008     14     0.00022
2008     15           .
2008     16           .
2008     17           .
2008     18           .
2008     19           .
2008     20           .
2008     21           .
2008     22           .
2008     23           .
2008     24           .
2008     25           .
2008     26           .
2008     27           .
2008     28           .
2008     29           .
2008     30           .
2008     31           .
2008     32           .
2008     33           .
2008     34           .
2008     35           .
2008     36           .
2008     37           .
2008     38           .
2008     39           .
2008     40           .
2008     41           .
2008     42           .
2008     43           .
2008     44           .
2008     45           .
2008     46           .
2008     47           .
2008     48           .
2008     49           .
2008     50           .
2008     51           .
2008     52           .
2008     53           .
2008     54           .
2008     55+          .
2009     12-    0.00000
2009     13     0.00005
2009     14           .
2009     15           .
2009     16           .
2009     17           .
2009     18           .
2009     19           .
2009     20           .
2009     21           .
2009     22           .
2009     23           .
2009     24           .
2009     25           .
2009     26           .
2009     27           .
2009     28           .
2009     29           .
2009     30           .
2009     31           .
2009     32           .
2009     33           .
2009     34           .
2009     35           .
2009     36           .
2009     37           .
2009     38           .
2009     39           .
2009     40           .
2009     41           .
2009     42           .
2009     43           .
2009     44           .
2009     45           .
2009     46           .
2009     47           .
2009     48           .
2009     49           .
2009     50           .
2009     51           .
2009     52           .
2009     53           .
2009     54           .
2009     55+          .
2010     12-    0.00001
2010     13           .
2010     14           .
2010     15           .
2010     16           .
2010     17           .
2010     18           .
2010     19           .
2010     20           .
2010     21           .
2010     22           .
2010     23           .
2010     24           .
2010     25           .
2010     26           .
2010     27           .
2010     28           .
2010     29           .
2010     30           .
2010     31           .
2010     32           .
2010     33           .
2010     34           .
2010     35           .
2010     36           .
2010     37           .
2010     38           .
2010     39           .
2010     40           .
2010     41           .
2010     42           .
2010     43           .
2010     44           .
2010     45           .
2010     46           .
2010     47           .
2010     48           .
2010     49           .
2010     50           .
2010     51           .
2010     52           .
2010     53           .
2010     54           .
2010     55+          .
